time_s,phase,altitude_m,vertical_velocity_m_s,vertical_acceleration_m_s2
0.0,pad,0.0,0.0,0.0
0.034,pad,0.0,0.0,3.4495620289512603
0.066,pad,0.0023528825825727484,0.21427867662191358,14.472288735902897
0.107,rail,0.02846979514925407,1.2161297220988656,35.814793126728176
0.11699999999999999,rail,0.042515592567548756,1.6020322918384198,41.29342151365943
0.127,rail,0.06069065073821262,2.0419981523720545,46.704851432373275
0.137,rail,0.08353610545933898,2.536129320485886,52.12652043860314
0.145,rail,0.10553947446695276,2.9705072672089186,56.6517471448617
0.155,rail,0.13817220172142858,3.5664560362135678,62.724006173746886
0.165,rail,0.17707720229046225,4.224987390683857,68.99017367294886
0.17500000000000002,rail,0.22288108394114883,4.946259509672546,75.27210341528286
0.183,rail,0.26491350533222197,5.568563642699857,80.14291607961275
0.193,rail,0.3247071399094655,6.399429046635968,85.87033651626774
0.203,rail,0.39308767170411996,7.285970373025213,91.44657462292241
0.214,rail,0.4788896563456997,8.325671241883732,96.89336102726315
0.226,rail,0.5859152564959005,9.519483795298147,101.59707156137756
0.23560556286099926,rail,0.6820908460968578,10.511625137708803,105.20570697256153
0.24430450320581554,rail,0.7775551581927063,11.44190917820089,108.68320633763722
0.2522961764987841,rail,0.8724998137210612,12.323251980845129,111.88515295265142
0.256,boost,0.9189137972237199,12.740405679460913,113.24028287516774
0.26155573525182385,boost,0.9914538876276844,13.374642436315584,114.9479408873417
0.2698893381295596,boost,1.1069317428135064,14.342435960813951,117.31671397933525
0.281,boost,1.273591884590504,15.663459533826115,120.20303437302618
0.298,boost,1.55744582799343,17.740884298459576,120.19366989201671
0.306,boost,1.7032387708264425,18.694874930626753,114.86825958513577
0.318,boost,1.9355252879035882,19.99444379580468,102.01224993704227
0.323,boost,2.0367508583948766,20.491410971543118,96.75664820644465
0.3305,boost,2.1930836895872834,21.18742198000247,88.82801309144315
0.337,boost,2.332629954554631,21.742420270269182,83.02660816576758
0.34675,boost,2.5484355763839663,22.517447691209657,77.03922774046885
0.358,boost,2.8065127934507053,23.352326199408544,72.06962800128099
0.37487499999999996,boost,3.210507082638334,24.51428698726509,66.32973050261285
0.385,boost,3.462062389528792,25.170522737779066,63.99891082256772
0.4001875000000001,boost,3.851599673869902,26.123950944417007,62.258499815926825
0.413,boost,4.191399075157675,26.916031764232606,61.32719711549032
0.4322187499999998,boost,4.719929695390953,28.08043009355581,59.78686163556813
0.4610468749999996,boost,5.553947473903989,29.76939165404822,57.37980816274376
0.468,boost,5.762320131111414,30.166335645396973,56.87246638800275
0.4784296875000007,boost,6.0800256987893135,30.75611679431518,56.299416960081885
0.4940742187500017,boost,6.568049994342938,31.631054179221316,55.549893518981776
0.5175410156250032,boost,7.325521548349254,32.921390232277275,54.41629038689189
0.539,boost,8.044430453692327,34.07793689505558,53.757094201700056
0.5711884765624953,boost,9.169058032364754,35.80160432075257,53.72001756087593
0.619,boost,10.942383672443544,38.382170651681115,54.01725903772251
0.669,boost,12.929136600962815,41.08530959721622,53.899147432813606
0.683,boost,13.509610130794705,41.83925622588228,53.80421595924997
0.7040000000000001,boost,14.400087615665448,42.96759764924426,53.654213306067504
0.715,boost,14.875975673205627,43.557354185597205,52.61148092184817
0.726,boost,15.35826852000649,44.125050229524916,48.03125560295234
0.74,boost,15.980481484469323,44.73374369614918,37.37107880497729
0.758,boost,16.79089173393167,45.26508908541997,21.83894408702281
0.778,boost,17.699415897431383,45.53119587369823,5.614845799533896
0.795,boost,18.473592764026364,45.51552061956253,-6.399398902324265
0.81,coast,19.15523077247348,45.34703562695895,-13.01338260683815
0.8325,coast,20.171564885600016,44.994124088682355,-15.638771571724078
0.8662500000000001,coast,21.681236216405427,44.46865369844048,-15.50172962247342
0.9162500000000001,coast,23.88537590609889,43.698586730037555,-15.303694726799279
0.9662500000000002,coast,26.051257622461446,42.93828422576055,-15.11138337925928
1.01625,coast,28.17936209890576,42.18744839211162,-14.92492258917008
1.0662500000000001,coast,30.270155444579483,41.44579196684355,-14.744106696421397
1.1162500000000002,coast,32.324089658397284,40.71303772246948,-14.568739696346768
1.1662500000000002,coast,34.341603118942004,39.98891799720887,-14.398634708872805
1.2162500000000003,coast,36.32312105156149,39.2731742515822,-14.233613482096814
1.2662500000000003,coast,38.269055973901686,38.56555664899919,-14.07350592775174
1.3162500000000004,coast,40.179808121036686,37.865823658807024,-13.918149686232539
1.3662500000000004,coast,42.05576585128296,37.17374168037593,-13.767389719048367
1.4162500000000005,coast,43.89730603371601,36.48908468690218,-13.621077926737371
1.4662500000000005,coast,45.70479441834441,35.81163388770219,-13.479072790440739
1.5162500000000005,coast,47.478585989836915,35.14117740785811,-13.34123903547578
1.5662500000000006,coast,49.219025305643385,34.477509984154615,-13.207447315379227
1.6162500000000006,coast,50.92644681929912,33.82043267632019,-13.077573915011556
1.6662500000000007,coast,52.60117518965464,33.16975259265346,-12.951500471423344
1.7162500000000007,coast,54.24352557672832,32.52528262917785,-12.829113711283185
1.7662500000000008,coast,55.85380392483832,31.886841221525138,-12.710305203760242
1.8162500000000008,coast,57.43230723363121,31.254252108801825,-12.594971127836004
1.8662500000000009,coast,58.979323817588856,30.62734410874154,-12.48301205309832
1.916250000000001,coast,60.495133554561455,30.005950903491993,-12.374332733141046
1.966250000000001,coast,61.98000812384298,29.389910835427433,-12.268841910755611
2.0162500000000008,coast,63.43421123427593,28.779066712416437,-12.166452134162398
2.0662500000000006,coast,64.8579988428447,28.173265622011197,-12.067079583583848
2.1162500000000004,coast,66.25161936419087,27.572358754058055,-11.970643907509555
2.1662500000000002,coast,67.61531387145986,26.976201231260248,-11.877068068052495
2.21625,coast,68.94931628886518,26.384651947252813,-11.786278194837053
2.26625,coast,70.2538535763356,25.797573411776547,-11.69820344689819
2.3162499999999997,coast,71.52914590659041,25.214831602562995,-11.612775882107968
2.3662499999999995,coast,72.77540683496903,24.636295823565753,-11.529930333679602
2.4162499999999993,coast,73.99284346232358,24.06183856919504,-11.449604293329315
2.466249999999999,coast,75.18165659126664,23.491335394232824,-11.37173780070546
2.516249999999999,coast,76.34204087605032,22.9246647891245,-11.29627333871997
2.566249999999999,coast,77.4741849663383,22.361708060360833,-11.223155734443452
2.6162499999999986,coast,78.57827164511865,21.802349215680156,-11.152332065246242
2.6662499999999985,coast,79.65447796099188,21.24647485383621,-11.083751569889216
2.7162499999999983,coast,80.70297535505652,20.69397405869124,-11.017365564288866
2.766249999999998,coast,81.72392978260265,20.14473829740733,-10.953127361697796
2.816249999999998,coast,82.71750182981307,19.598661322521465,-10.890992197059347
2.8662499999999977,coast,83.68384682566098,19.055639077701397,-10.830917155311056
2.9162499999999976,coast,84.6231149491835,18.51556960699036,-10.772861103425384
2.9662499999999974,coast,85.53545133230082,17.978352967358862,-10.716784625990869
3.016249999999997,coast,86.42099615834202,17.44389114439128,-10.662649964148727
3.066249999999997,coast,87.27988475643016,16.912087970943993,-10.610420957711767
3.116249999999997,coast,88.1122476918713,16.382849048620105,-10.56006299030389
3.1662499999999967,coast,88.91821085268467,15.856081671913609,-10.511542937368574
3.2162499999999965,coast,89.6978955324037,15.331694754883253,-10.464829116904355
3.2662499999999963,coast,90.45141850927146,14.809598760223178,-10.41989124279425
3.316249999999996,coast,91.17889212194659,14.28970563060383,-10.37670038060466
3.366249999999996,coast,91.88042434183075,13.771928722162714,-10.335228905736784
3.416249999999996,coast,92.55611884212188,13.256182740030155,-10.29545046382178
3.4662499999999956,coast,93.20607506369227,12.742383675780541,-10.257752499962663
3.5162499999999954,coast,93.83038767069196,12.230407490033894,-10.222911945240156
3.5662499999999953,coast,94.42914340729305,11.720092481256529,-10.190394358689986
3.616249999999995,coast,95.0024234282105,11.211368054164899,-10.159228762534454
3.666249999999995,coast,95.55030564540431,10.704169605003086,-10.129350604004898
3.7162499999999947,coast,96.07286475243723,10.198432993764413,-10.10075108579349
3.7662499999999945,coast,96.57017224647267,9.694094496423741,-10.073422378781018
3.8162499999999944,coast,97.04229644785359,9.191090755886314,-10.047357651252426
3.866249999999994,coast,97.48930251718943,8.689358731298503,-10.022551105930845
3.916249999999994,coast,97.91125246985888,8.188835645293233,-9.99899802650458
3.966249999999994,coast,98.30820518781275,7.6894589286480475,-9.976694835853621
4.016249999999994,coast,98.68021642853176,7.191166161707869,-9.955639168929139
4.066249999999994,coast,99.02733883095813,6.693895011755133,-9.935829964300588
4.116249999999994,coast,99.34962191817289,6.197583165277814,-9.917267579936862
4.166249999999994,coast,99.64711209653147,5.70216825376145,-9.899953941105451
4.216249999999993,coast,99.91985265088987,5.2075877711672725,-9.88389273184226
4.266249999999993,coast,100.16788373544614,4.713778980577228,-9.869089647126266
4.316249999999993,coast,100.39124235957232,4.220678806454649,-9.855552732295344
4.366249999999993,coast,100.58996236779649,3.7282237073476976,-9.843292852547386
4.416249999999993,coast,100.76407441277571,3.236349521199914,-9.832324365306928
4.4662499999999925,coast,100.91360591960424,2.744991270817008,-9.822666127226093
4.516249999999992,coast,101.03858103898845,2.2540829084773084,-9.814343094978007
4.566249999999992,coast,101.13902058539047,1.7635569613192108,-9.807389090569446
4.616249999999992,coast,101.21494195348053,1.2733439994203675,-9.801852217501121
4.666249999999992,coast,101.26635900012356,0.7833717395691022,-9.797808121438344
4.716249999999992,coast,101.29328186219624,0.2935631872765365,-9.79538085354937
4.766249999999991,coast,101.29571661405575,-0.1961663457858313,-9.793968826617515
4.816249999999991,coast,101.27366616868606,-0.6858336953852117,-9.79187093205507
4.866249999999991,coast,101.22713570842846,-1.175353438991335,-9.78814035048758
4.916249999999991,coast,101.15613458594258,-1.6646477304339662,-9.782906564168659
4.966249999999991,coast,101.0606759031278,-2.1536440954081972,-9.776257663392457
5.0162499999999905,coast,100.940776294141,-2.6422734967732087,-9.768252870882936
5.06624999999999,coast,100.79645578003708,-3.1304693824964875,-9.758936640598055
5.11624999999999,coast,100.62773765878443,-3.6181671608330106,-9.748344924039749
5.16624999999999,coast,100.43464841597802,-4.105303874900459,-9.736508249014165
5.21624999999999,coast,100.21721764886176,-4.591817985734424,-9.723453455498436
5.26624999999999,coast,99.97547799944223,-5.077649220450299,-9.709204765349781
5.3162499999999895,coast,99.70946509407558,-5.562738462269398,-9.693784484261897
5.366249999999989,coast,99.41921748780128,-6.047027668876486,-9.677213484499106
5.416249999999989,coast,99.10477661223163,-6.5304598107193055,-9.65951154910104
5.466249999999989,coast,98.76618672614582,-7.012978823786586,-9.640697624425655
5.516249999999989,coast,98.40349486816294,-7.494529573161867,-9.62079000973246
5.566249999999989,coast,98.0167508110236,-7.975057824759828,-9.599806502158799
5.616249999999988,coast,97.60600701712029,-8.454510223377744,-9.577764509254294
5.666249999999988,coast,97.17131859499669,-8.932834275685254,-9.554681137386098
5.716249999999988,coast,96.71274325659623,-9.40997833711635,-9.530573261846257
5.766249999999988,coast,96.23034127508541,-9.885891601869877,-9.50545758284602
5.816249999999988,recovery,95.72417544311259,-10.36052409540095,12.319903967567043
5.8662499999999875,recovery,95.25221360665707,-8.653901205113177,28.16814682443271
5.916249999999987,recovery,94.84914427257107,-7.543709412957687,18.743661113152612
5.966249999999987,recovery,94.49219779752846,-6.779535093797922,13.108538824747491
6.016249999999987,recovery,94.16762382734748,-6.232855530482944,9.486469955179402
6.066249999999987,recovery,93.86653110217998,-5.830888098279986,7.035333341156722
6.116249999999987,recovery,93.58287934785756,-5.529322196367274,5.31239484305501
6.1662499999999865,recovery,93.31241153698066,-5.299648613974487,4.066078189185035
6.216249999999986,recovery,93.05204251304998,-5.122714377448772,3.1444614983770265
6.266249999999986,recovery,92.79948778227926,-4.985202464136785,2.4511964996388116
6.316249999999986,recovery,92.5530271487206,-4.877594727484891,1.9226735270639281
6.366249999999986,recovery,92.31134818878817,-4.792935111430393,1.5154716477720598
6.416249999999986,recovery,92.07343915189388,-4.726047562707686,1.1991123114299995
6.466249999999985,recovery,91.83851364405176,-4.673023880287393,0.9516954358627814
6.516249999999985,recovery,91.60595642987707,-4.6308780191214085,0.7571736340920125
6.566249999999985,recovery,91.37528367167367,-4.597306516878192,0.6035940598266549
6.616249999999985,recovery,91.14611328540202,-4.570518613138743,0.481931513550208
6.666249999999985,recovery,90.9181425402371,-4.549113365523172,0.3852939237411874
6.7162499999999845,recovery,90.69113094190435,-4.531989220764625,0.3083688410545804
6.766249999999984,recovery,90.4648870324374,-4.518276481417714,0.24702985871391547
6.816249999999984,recovery,90.23925813283208,-4.5072862348932325,0.19805160838925673
6.866249999999984,recovery,90.01412232286377,-4.498471320578788,0.15890003606464376
6.916249999999984,recovery,89.78938213826119,-4.491396231286768,0.12757588990081814
6.966249999999984,recovery,89.56495959700928,-4.485713731588707,0.10249648914996357
7.0162499999999834,recovery,89.34079226131443,-4.481146582371772,0.08240547436237478
7.066249999999983,recovery,89.11683011109277,-4.477473184152469,0.06630330339364576
7.116249999999983,recovery,88.89303305628454,-4.474516252032408,0.05339332330992619
7.166249999999983,recovery,88.66936895394718,-4.472133851821476,0.043039665756808176
7.216249999999983,recovery,88.44581202543513,-4.470212285456727,0.03473420285214246
7.266249999999983,recovery,88.22234159148147,-4.468660431536262,0.028070502761522675
7.316249999999982,recovery,87.99894106039176,-4.467405235180575,0.022723230022961616
7.366249999999982,recovery,87.77559711809596,-4.466388108533966,0.018431805503851706
7.416249999999982,recovery,87.5522990793968,-4.4655620546301895,0.014987414802071441
7.466249999999982,recovery,87.32903836808192,-4.464889367053758,0.012222659249587764
7.516249999999982,recovery,87.10580810014127,-4.464339788705231,0.010003299264653265
7.5662499999999815,recovery,86.88260274953744,-4.463889037127293,0.008221658796614406
7.616249999999981,recovery,86.65941788011061,-4.463517622825569,0.006791351365286857
7.666249999999981,recovery,86.43624993048876,-4.463209901990765,0.005643059446256871
7.716249999999981,recovery,86.21309604149565,-4.462953316880943,0.004721154607018718
7.766249999999981,recovery,85.98995391764215,-4.462737786530063,0.003980989486855435
7.816249999999981,recovery,85.76682171595864,-4.462555217932258,0.003386727151415414
7.86624999999998,recovery,85.54369795676406,-4.4623991138149215,0.0029096005927584656
7.91624999999998,recovery,85.32058145203838,-4.462264257872982,0.002526516752972441
7.96624999999998,recovery,85.09747124792251,-4.462146462139624,0.0022189366283811296
8.01624999999998,recovery,84.87436657855741,-4.462042364210144,0.001971976696026445
8.06624999999998,recovery,84.65126682902509,-4.461949264470022,0.0017736878212488705
8.116249999999981,recovery,84.42817150559591,-4.461864995428019,0.0016144765259156202
8.166249999999982,recovery,84.2050802118414,-4.46178781681743,0.0014866404701265878
8.216249999999983,recovery,83.98199262945586,-4.461716331381007,0.001383995580198416
8.266249999999983,recovery,83.75890850285832,-4.4616494172594106,0.0013015767247352983
8.316249999999984,recovery,83.53582762682963,-4.461586173708533,0.0012353974205439044
8.366249999999985,recovery,83.31274983658632,-4.461525877517356,0.0011822569201385136
8.416249999999986,recovery,83.08967499981092,-4.461467948016519,0.0011395853336040318
8.466249999999986,recovery,82.86660301025303,-4.461411918983996,0.001105319283212225
8.516249999999987,recovery,82.6435337825916,-4.461357416088198,0.001077802069900713
8.566249999999988,recovery,82.42046724830989,-4.461304138777005,0.0010557035184461938
8.616249999999988,recovery,82.19740335238335,-4.461251845736354,0.0010379556216761898
8.66624999999999,recovery,81.97434205062032,-4.461200343214838,0.0010237008693181338
8.71624999999999,recovery,81.75128330752695,-4.461149475649422,0.0010122507610361708
8.76624999999999,recovery,81.52822709459276,-4.461099118138734,0.0010030524962019172
8.816249999999991,recovery,81.3051733889143,-4.461049170399802,0.000995662228788774
8.866249999999992,recovery,81.0821221720899,-4.460999551915855,0.0009897235934772652
8.916249999999993,recovery,80.85907342933241,-4.460950198040454,0.000984950463944756
8.966249999999993,recovery,80.63602714875672,-4.460901056869461,0.0009811131092831715
9.016249999999994,recovery,80.41298332080775,-4.460852086729526,0.0009780270788510848
9.066249999999995,recovery,80.1899419378012,-4.460803254161576,0.0009755442778001111
9.116249999999996,recovery,79.96690299355474,-4.4607545323017455,0.0009735458014787923
9.166249999999996,recovery,79.74386648309202,-4.460705899581428,0.0009719361820543782
9.216249999999997,recovery,79.5208324024049,-4.46065733868354,0.0009706387692105523
9.266249999999998,recovery,79.29780074826266,-4.460608835704507,0.0009695920211783005
9.316249999999998,recovery,79.07477151805865,-4.460560379481422,0.0009687465267873563
9.366249999999999,recovery,78.85174470968741,-4.460511961051828,0.0009680626145112115
9.41625,recovery,78.62872032144575,-4.460463573219971,0.0009675084326730143
9.46625,recovery,78.40569835195355,-4.460415210208561,0.0009670584080936351
9.516250000000001,recovery,78.18267880008999,-4.460366867379162,0.0009666920085891206
9.566250000000002,recovery,77.95966166494252,-4.460318541007702,0.0009663927493051006
9.616250000000003,recovery,77.73664694576571,-4.460270228104231,0.0009661473949336141
9.666250000000003,recovery,77.51363464194841,-4.460221926268209,0.0009659453191588341
9.716250000000004,recovery,77.2906247529872,-4.460173633572316,0.0009657779903946562
9.766250000000005,recovery,77.06761727846516,-4.460125348469169,0.0009656385588954208
9.816250000000005,recovery,76.84461221803487,-4.460077069716426,0.0009655215252024618
9.866250000000006,recovery,76.62160957140465,-4.4600287963166485,0.0009654224739747974
9.916250000000007,recovery,76.39860933832762,-4.459980527469028,0.0009653378602934026
9.966250000000008,recovery,76.17561151859283,-4.45993226253062,0.000965264838072244
10.016250000000008,recovery,75.9526161120182,-4.459884000985221,0.0009652011222769374
10.066250000000009,recovery,75.72962311844483,-4.459835742418392,0.0009651448783785099
10.11625000000001,recovery,75.50663253773241,-4.459787486497383,0.0009650946335000299
10.16625000000001,recovery,75.28364436975558,-4.459739232955042,0.0009650492051207493
10.216250000000011,recovery,75.06065861440095,-4.4596909815768715,0.0009650076438560973
10.266250000000012,recovery,74.83767527156479,-4.459642732190656,0.0009649691874926702
10.316250000000013,recovery,74.61469434115108,-4.459594484658122,0.0009649332241039588
10.366250000000013,recovery,74.39171582307002,-4.459546238868246,0.0009648992623709773
10.416250000000014,recovery,74.16873971723678,-4.459497994731885,0.0009648669078501371
10.466250000000015,recovery,73.94576602357053,-4.459449752177461,0.0009648358438809623
10.516250000000015,recovery,73.72279474199368,-4.4594015111474965,0.0009648058162383677
10.566250000000016,recovery,73.4998258724312,-4.459353271595837,0.000964776620797636
10.616250000000017,recovery,73.27685941481013,-4.459305033485417,0.0009647480936791908
10.666250000000018,recovery,73.05389536905919,-4.459256796786469,0.0009647201033544661
10.716250000000018,recovery,72.83093373510842,-4.459208561475082,0.0009646925441728627
10.766250000000019,recovery,72.60797451288893,-4.459160327532052,0.0009646653313311049
10.81625000000002,recovery,72.38501770233272,-4.459112094941949,0.0009646383967876204
10.86625000000002,recovery,72.16206330337245,-4.459063863692373,0.0009646116858590403
10.916250000000021,recovery,71.93911131594136,-4.459015633773363,0.0009645851546835615
10.966250000000022,recovery,71.71616173997312,-4.458967405176905,0.0009645587680324752
11.016250000000023,recovery,71.49321457540178,-4.45891917789656,0.0009645324976119696
11.066250000000023,recovery,71.27026982216167,-4.4588709519271434,0.0009645063207273097
11.116250000000024,recovery,71.04732748018733,-4.4588227272644865,0.0009644802191530744
11.166250000000025,recovery,70.82438754941354,-4.458774503905228,0.0009644541782662941
11.216250000000025,recovery,70.60145002977518,-4.45872628184666,0.0009644281863003812
11.266250000000026,recovery,70.37851492120727,-4.458678061086598,0.0009644022338264335
11.316250000000027,recovery,70.15558222364494,-4.458629841623277,0.0009643763132842764
11.366250000000027,recovery,69.9326519370234,-4.458581623455269,0.000964350418591664
11.416250000000028,recovery,69.70972406127788,-4.458533406581418,0.0009643245448600624
11.466250000000029,recovery,69.48679859634373,-4.458485191000784,0.0009642986881743809
11.51625000000003,recovery,69.2638755421563,-4.4584369767126,0.0009642728453940208
11.56625000000003,recovery,69.04095489865098,-4.458388763716244,0.0009642470139894499
11.616250000000031,recovery,68.8180366657632,-4.458340552011202,0.0009642211919356214
11.666250000000032,recovery,68.59512084342839,-4.45829234159705,0.0009641953776196033
11.716250000000032,recovery,68.37220743158203,-4.45824413247344,0.0009641695697126806
11.766250000000033,recovery,68.14929643015958,-4.458195924640079,0.0009641437671703557
11.816250000000034,recovery,67.92638783909656,-4.458147718096723,0.0009641179691612933
11.866250000000035,recovery,67.70348165832846,-4.458099512843163,0.0009640921749962672
11.916250000000035,recovery,67.48057788779079,-4.458051308879223,0.0009640663841565811
11.966250000000036,recovery,67.25767652741908,-4.458003106204748,0.0009640405961803822
12.016250000000037,recovery,67.03477757714886,-4.457954904819605,0.0009640148107123991
12.066250000000037,recovery,66.81188103691566,-4.457906704723676,0.000963989027503942
12.116250000000038,recovery,66.58898690665504,-4.457858505916855,0.0009639632463134262
12.166250000000039,recovery,66.36609518630253,-4.457810308399045,0.0009639374669561107
12.21625000000004,recovery,66.1432058757937,-4.457762112170159,0.0009639116892898869
12.26625000000004,recovery,65.92031897506408,-4.457713917230116,0.0009638859131939626
12.316250000000041,recovery,65.69743448404924,-4.45766572357884,0.0009638601385759671
12.366250000000042,recovery,65.47455240268475,-4.4576175312162585,0.0009638343653648462
12.416250000000042,recovery,65.25167273090618,-4.457569340142303,0.000963808593510862
12.466250000000043,recovery,65.0287954686491,-4.457521150356907,0.000963782822957171
12.516250000000044,recovery,64.80592061584906,-4.457472961860008,0.0009637570536398243
12.566250000000045,recovery,64.58304817244166,-4.457424774651543,0.0009637312855446112
12.616250000000045,recovery,64.36017813836249,-4.457376588731453,0.0009637055186644261
12.666250000000046,recovery,64.13731051354709,-4.457328404099677,0.000963679752963742
12.716250000000047,recovery,63.91444529793109,-4.457280220756156,0.0009636539884354534
12.766250000000047,recovery,63.69158249145005,-4.457232038700833,0.000963628225058244
12.816250000000048,recovery,63.46872209403958,-4.457183857933651,0.0009636024628107975
12.866250000000049,recovery,63.24586410563526,-4.457135678454552,0.0009635767017002195
12.91625000000005,recovery,63.0230085261727,-4.457087500263481,0.0009635509417122989
12.96625000000005,recovery,62.80015535558749,-4.457039323360381,0.0009635251828470359
13.016250000000051,recovery,62.57730459381524,-4.456991147745196,0.0009634994251044304
13.066250000000052,recovery,62.354456240791556,-4.4569429734178705,0.000963473668477377
13.116250000000052,recovery,62.13161029645204,-4.456894800378349,0.0009634479129516649
13.166250000000053,recovery,61.908766760732306,-4.456846628626575,0.000963422158527294
13.216250000000054,recovery,61.68592563356797,-4.4567984581624955,0.0009633964052184751
13.266250000000054,recovery,61.46308691489464,-4.456750288986053,0.000963370653018103
13.316250000000055,recovery,61.24025060464795,-4.4567021210971935,0.0009633449019119666
13.366250000000056,recovery,61.017416702763505,-4.456653954495862,0.0009633191519071715
13.416250000000057,recovery,60.794585209176944,-4.456605789182003,0.0009632934030108231
13.466250000000057,recovery,60.57175612382389,-4.456557625155561,0.0009632676552158159
13.516250000000058,recovery,60.34892944663997,-4.456509462416482,0.0009632419085150445
13.566250000000059,recovery,60.126105177560824,-4.45646130096471,0.000963216162908509
13.61625000000006,recovery,59.903283316522085,-4.456413140800191,0.0009631904184104201
13.66625000000006,recovery,59.680463863459394,-4.456364981922869,0.000963164675006567
13.716250000000061,recovery,59.45764681830839,-4.45631682433269,0.0009631389326969497
13.766250000000062,recovery,59.23483218100472,-4.456268668029599,0.0009631131914886737
13.816250000000062,recovery,59.01201995148403,-4.456220513013541,0.0009630874513888443
13.866250000000063,recovery,58.78921012968196,-4.45617235928446,0.0009630617123761454
13.916250000000064,recovery,58.566402715534174,-4.456124206842303,0.0009630359744647876
13.966250000000064,recovery,58.343597708976326,-4.456076055687014,0.0009630102376618765
14.016250000000065,recovery,58.12079510994407,-4.456027905818537,0.0009629845019460959
14.066250000000066,recovery,57.897994918373065,-4.455979757236819,0.0009629587673316564
14.116250000000067,recovery,57.67519713419898,-4.455931609941804,0.0009629330338043474
14.166250000000067,recovery,57.452401757357485,-4.455883463933438,0.0009629073013783795
14.216250000000068,recovery,57.22960878778424,-4.455835319211666,0.000962881570053753
14.266250000000069,recovery,57.00681822541492,-4.455787175776433,0.0009628558398233622
14.31625000000007,recovery,56.784030070185196,-4.455739033627684,0.0009628301106872073
14.36625000000007,recovery,56.56124432203075,-4.4556908927653645,0.0009628043826523935
14.41625000000007,recovery,56.33846098088726,-4.4556427531894185,0.0009627786557260265
14.466250000000072,recovery,56.115680046690414,-4.455594614899792,0.0009627529298796844
14.516250000000072,recovery,55.89290151937589,-4.455546477896431,0.0009627272051275781
14.566250000000073,recovery,55.67012539887938,-4.455498342179279,0.0009627014814839185
14.616250000000074,recovery,55.44735168513657,-4.4554502077482825,0.0009626757589344948
14.666250000000074,recovery,55.224580378083154,-4.455402074603386,0.0009626500374793068
14.716250000000075,recovery,55.00181147765483,-4.455353942744535,0.0009626243171183546
14.766250000000076,recovery,54.77904498378731,-4.455305812171674,0.0009625985978516383
14.816250000000077,recovery,54.556280896416276,-4.455257682884749,0.0009625728796862631
14.866250000000077,recovery,54.333519215477445,-4.455209554883705,0.0009625471626222293
14.916250000000078,recovery,54.11075994090652,-4.455161428168487,0.0009625214466524312
14.966250000000079,recovery,53.88800307263921,-4.45511330273904,0.000962495731776869
15.01625000000008,recovery,53.66524861061123,-4.4550651785953095,0.0009624700179955425
15.06625000000008,recovery,53.44249655475829,-4.45501705573724,0.0009624443053155574
15.11625000000008,recovery,53.21974690501612,-4.454968934164778,0.000962418593729808
15.166250000000081,recovery,52.99699966132044,-4.454920813877868,0.000962392883231189
15.216250000000082,recovery,52.77425482360696,-4.454872694876455,0.0009623671738339112
15.266250000000083,recovery,52.551512391811414,-4.454824577160484,0.0009623414655379747
15.316250000000084,recovery,52.32877236586953,-4.454776460729901,0.0009623157583291686
15.366250000000084,recovery,52.10603474571705,-4.454728345584651,0.0009622900522145983
15.416250000000085,recovery,51.88329953128969,-4.454680231724679,0.0009622643472013692
15.466250000000086,recovery,51.6605667225232,-4.454632119149931,0.000962238643282376
15.516250000000086,recovery,51.437836319353316,-4.454584007860351,0.0009622129404647239
15.566250000000087,recovery,51.21510832171579,-4.454535897855885,0.0009621872387413077
15.616250000000088,recovery,50.99238272954636,-4.454487789136477,0.0009621615381050219
15.666250000000089,recovery,50.769659542780765,-4.454439681702074,0.0009621358385629719
15.71625000000009,recovery,50.546938761354774,-4.454391575552621,0.0009621101401222631
15.76625000000009,recovery,50.32422038520413,-4.454343470688062,0.0009620844427757902
15.81625000000009,recovery,50.101504414264596,-4.454295367108343,0.0009620587465306585
15.866250000000091,recovery,49.87879084847193,-4.454247264813409,0.0009620330513726572
15.916250000000092,recovery,49.65607968776189,-4.454199163803206,0.0009620073573088916
15.966250000000093,recovery,49.43337093207024,-4.454151064077678,0.0009619816643393619
16.016250000000092,recovery,49.21066458133275,-4.454102965636771,0.0009619559724711735
16.066250000000093,recovery,48.987960635485194,-4.454054868480431,0.0009619302816972208
16.116250000000093,recovery,48.76525909446334,-4.454006772608602,0.0009619045920103986
16.166250000000094,recovery,48.542559958202965,-4.4539586780212295,0.0009618789034249176
16.216250000000095,recovery,48.31986322663985,-4.453910584718259,0.0009618532159407778
16.266250000000095,recovery,48.09716889970978,-4.453862492699636,0.0009618275295437684
16.316250000000096,recovery,47.87447697734853,-4.453814401965305,0.0009618018442409948
16.366250000000097,recovery,47.651787459491885,-4.453766312515212,0.0009617761600253516
16.416250000000097,recovery,47.42910034607564,-4.453718224349302,0.0009617504769110496
16.466250000000098,recovery,47.2064156370356,-4.453670137467521,0.0009617247948838781
16.5162500000001,recovery,46.98373333230754,-4.4536220518698135,0.0009616991139509423
16.5662500000001,recovery,46.76105343182726,-4.4535739675561254,0.0009616734341264532
16.6162500000001,recovery,46.53837593553057,-4.453525884526401,0.0009616477553890945
16.6662500000001,recovery,46.31570084335326,-4.453477802780586,0.0009616220777530771
16.7162500000001,recovery,46.09302815523115,-4.453429722318626,0.0009615964011970846
16.766250000000102,recovery,45.87035787110005,-4.4533816431404665,0.0009615707257353279
16.816250000000103,recovery,45.647689990895756,-4.453333565246052,0.0009615450513820178
16.866250000000104,recovery,45.42502451455409,-4.453285488635329,0.0009615193781087328
16.916250000000105,recovery,45.20236144201087,-4.4532374133082415,0.0009614937059296835
16.966250000000105,recovery,44.97970077320191,-4.4531893392647355,0.0009614680348519755
17.016250000000106,recovery,44.757042508063044,-4.4531412665047565,0.0009614423648613979
17.066250000000107,recovery,44.53438664653009,-4.4530931950282495,0.0009614166959579507
17.116250000000107,recovery,44.311733188538874,-4.45304512483516,0.0009613910281629501
17.166250000000108,recovery,44.089082134025226,-4.452997055925433,0.0009613653614621853
17.21625000000011,recovery,43.86643348292498,-4.452948988299014,0.0009613396958414455
17.26625000000011,recovery,43.64378723517398,-4.452900921955849,0.000961314031322047
17.31625000000011,recovery,43.42114339070805,-4.452852856895882,0.0009612883678897788
17.36625000000011,recovery,43.19850194946305,-4.45280479311906,0.0009612627055588518
17.41625000000011,recovery,42.97586291137481,-4.452756730625326,0.0009612370443221607
17.466250000000112,recovery,42.75322627637918,-4.452708669414628,0.0009612113841654946
17.516250000000113,recovery,42.53059204441201,-4.45266060948691,0.0009611857251101696
17.566250000000114,recovery,42.30796021540915,-4.452612550842117,0.0009611600671419751
17.616250000000115,recovery,42.08533078930646,-4.452564493480195,0.0009611344102680164
17.666250000000115,recovery,41.86270376603979,-4.45251643740109,0.0009611087544953989
17.716250000000116,recovery,41.640079145545016,-4.452468382604746,0.0009610830998099118
17.766250000000117,recovery,41.41745692775799,-4.452420329091109,0.0009610574462186605
17.816250000000117,recovery,41.19483711261457,-4.452372276860124,0.0009610317937287505
17.866250000000118,recovery,40.972219700050644,-4.452324225911736,0.0009610061423188654
17.91625000000012,recovery,40.749604690002066,-4.452276176245892,0.0009609804919961107
17.96625000000012,recovery,40.52699208240472,-4.452228127862536,0.0009609548427746972
18.01625000000012,recovery,40.30438187719448,-4.4521800807616145,0.0009609291946404142
18.06625000000012,recovery,40.081774074307226,-4.452132034943072,0.0009609035476003669
18.11625000000012,recovery,39.859168673678845,-4.452083990406854,0.0009608779016545554
18.166250000000122,recovery,39.636565675245215,-4.452035947152907,0.0009608522568029798
18.216250000000123,recovery,39.413965078942226,-4.451987905181174,0.0009608266130385346
18.266250000000124,recovery,39.19136688470577,-4.451939864491603,0.0009608009703683251
18.316250000000124,recovery,38.96877109247174,-4.451891825084138,0.0009607753287923515
18.366250000000125,recovery,38.746177702176034,-4.451843786958724,0.0009607496883035083
18.416250000000126,recovery,38.52358671375455,-4.451795750115307,0.0009607240489089008
18.466250000000127,recovery,38.30099812714318,-4.451747714553833,0.0009606984106085292
18.516250000000127,recovery,38.07841194227784,-4.451699680274246,0.0009606727734023934
18.566250000000128,recovery,37.855828159094436,-4.451651647276493,0.000960647137283388
18.61625000000013,recovery,37.633246777528875,-4.451603615560518,0.000960621502251513
18.66625000000013,recovery,37.410667797517064,-4.451555585126267,0.0009605958683209792
18.71625000000013,recovery,37.18809121899493,-4.451507555973686,0.0009605702354704704
18.76625000000013,recovery,36.96551704189838,-4.4514595281027205,0.0009605446037141974
18.81625000000013,recovery,36.74294526616334,-4.451411501513315,0.0009605189730521602
18.866250000000132,recovery,36.520375891725735,-4.451363476205415,0.0009604933434701479
18.916250000000133,recovery,36.29780891852148,-4.451315452178967,0.0009604677149965823
18.966250000000134,recovery,36.07524434648652,-4.451267429433916,0.0009604420876101472
19.016250000000134,recovery,35.85268217555678,-4.451219407970206,0.0009604164613108424
19.066250000000135,recovery,35.63012240566819,-4.4511713877877845,0.0009603908361057734
19.116250000000136,recovery,35.40756503675669,-4.451123368886596,0.0009603652119878348
19.166250000000137,recovery,35.18501006875822,-4.451075351266586,0.000960339588964132
19.216250000000137,recovery,34.96245750160872,-4.4510273349277,0.0009603139670275596
19.266250000000138,recovery,34.73990733524414,-4.450979319869883,0.0009602883461781175
19.31625000000014,recovery,34.51735956960042,-4.450931306093081,0.0009602627264300168
19.36625000000014,recovery,34.29481420461352,-4.45088329359724,0.0009602371077690464
19.41625000000014,recovery,34.07227124021939,-4.450835282382305,0.0009602114901952064
19.46625000000014,recovery,33.849730676353985,-4.4507872724482205,0.0009601858737156022
19.51625000000014,recovery,33.627192512953265,-4.450739263794933,0.0009601602583231283
19.566250000000142,recovery,33.40465674995319,-4.450691256422388,0.0009601346440248903
19.616250000000143,recovery,33.18212338728973,-4.450643250330531,0.0009601090308066773
19.666250000000144,recovery,32.95959242489884,-4.450595245519308,0.0009600834186755947
19.716250000000144,recovery,32.7370638627165,-4.450547241988663,0.0009600578076529587
19.766250000000145,recovery,32.51453770067867,-4.450499239738543,0.0009600321977103476
19.816250000000146,recovery,32.29201393872135,-4.450451238768892,0.000960006588854867
19.866250000000147,recovery,32.06949257678049,-4.450403239079657,0.0009599809810936222
19.916250000000147,recovery,31.846973614792084,-4.450355240670783,0.0009599553744266132
19.966250000000148,recovery,31.624457052692115,-4.450307243542214,0.0009599297688467345
20.01625000000015,recovery,31.401942890416567,-4.450259247693898,0.0009599041643468809
20.06625000000015,recovery,31.17943112790143,-4.450211253125779,0.0009598785609554739
20.11625000000015,recovery,30.956921765082697,-4.450163259837803,0.0009598529586440918
20.16625000000015,recovery,30.73441480189636,-4.450115267829915,0.0009598273574127347
20.21625000000015,recovery,30.511910238278414,-4.450067277102061,0.0009598017572827189
20.266250000000152,recovery,30.28940807416486,-4.450019287654187,0.0009597761582398334
20.316250000000153,recovery,30.066908309491705,-4.449971299486237,0.0009597505602840783
20.366250000000154,recovery,29.844410944194948,-4.449923312598158,0.0009597249634154537
20.416250000000154,recovery,29.621915978210602,-4.449875326989895,0.0009596993676481702
20.466250000000155,recovery,29.39942341147467,-4.4498273426613935,0.0009596737729609117
20.516250000000156,recovery,29.176933243923177,-4.4497793596126,0.0009596481793536782
20.566250000000156,recovery,28.95444547549213,-4.449731377843458,0.0009596225868477859
20.616250000000157,recovery,28.731960106117548,-4.4496833973539145,0.0009595969954219186
20.666250000000158,recovery,28.509477135735455,-4.449635418143916,0.000959571405090287
20.71625000000016,recovery,28.286996564281875,-4.4495874402134055,0.0009595458158528913
20.76625000000016,recovery,28.064518391692832,-4.44953946356233,0.000959520227702626
20.81625000000016,recovery,27.84204261790436,-4.449491488190636,0.0009594946406394911
20.86625000000016,recovery,27.619569242852492,-4.449443514098267,0.0009594690546563811
20.91625000000016,recovery,27.397098266473257,-4.44939554128517,0.0009594434697746124
20.966250000000162,recovery,27.174629688702698,-4.449347569751289,0.0009594178859728686
21.016250000000163,recovery,26.952163509476854,-4.449299599496572,0.0009593923032511498
21.066250000000164,recovery,26.729699728731767,-4.449251630520964,0.0009593667216378776
21.116250000000164,recovery,26.507238346403483,-4.4492036628244085,0.0009593411411046304
21.166250000000165,recovery,26.28477936242805,-4.449155696406853,0.0009593155616585136
21.216250000000166,recovery,26.062322776741524,-4.449107731268243,0.0009592899832995272
21.266250000000166,recovery,25.839868589279956,-4.4490597674085235,0.0009592644060276712
21.316250000000167,recovery,25.617416799979402,-4.44901180482764,0.0009592388298500509
21.366250000000168,recovery,25.394967408775923,-4.448963843525538,0.0009592132547595611
21.41625000000017,recovery,25.17252041560558,-4.448915883502164,0.0009591876807633071
21.46625000000017,recovery,24.950075820404436,-4.4488679247574625,0.0009591621078399726
21.51625000000017,recovery,24.727633623108563,-4.44881996729138,0.0009591365360037685
21.56625000000017,recovery,24.505193823654032,-4.448772011103862,0.0009591109652618002
21.61625000000017,recovery,24.282756421976913,-4.448724056194854,0.0009590853956069623
21.666250000000172,recovery,24.06032141801328,-4.448676102564301,0.0009590598270392547
21.716250000000173,recovery,23.83788881169922,-4.44862815021215,0.000959034259565783
21.766250000000174,recovery,23.615458602970804,-4.448580199138345,0.0009590086931794417
21.816250000000174,recovery,23.393030791764122,-4.448532249342832,0.0009589831278660199
21.866250000000175,recovery,23.17060537801526,-4.448484300825558,0.0009589575636397285
21.916250000000176,recovery,22.948182361660308,-4.448436353586468,0.0009589320005147783
21.966250000000176,recovery,22.725761742635356,-4.448388407625506,0.0009589064384769586
22.016250000000177,recovery,22.5033435208765,-4.44834046294262,0.0009588808775191637
22.066250000000178,recovery,22.280927696319836,-4.4482925195377545,0.0009588553176556047
22.11625000000018,recovery,22.058514268901465,-4.448244577410855,0.0009588297588720707
22.16625000000018,recovery,21.83610323855749,-4.4481966365618675,0.000958804201175667
22.21625000000018,recovery,21.613694605224023,-4.448148696990737,0.0009587786445734992
22.26625000000018,recovery,21.391288368837163,-4.44810075869741,0.0009587530890584617
22.31625000000018,recovery,21.168884529333027,-4.448052821681832,0.0009587275346234492
22.366250000000182,recovery,20.946483086647728,-4.448004885943948,0.000958701981275567
22.416250000000183,recovery,20.724084040717383,-4.447956951483704,0.0009586764290148153
22.466250000000183,recovery,20.501687391478107,-4.447909018301046,0.000958650877841194
22.516250000000184,recovery,20.279293138866027,-4.447861086395919,0.0009586253277618084
22.566250000000185,recovery,20.056901282817268,-4.44781315576827,0.0009585997787553424
22.616250000000186,recovery,19.834511823267952,-4.447765226418044,0.0009585742308431122
22.666250000000186,recovery,19.612124760154217,-4.447717298345186,0.0009585486840180124
22.716250000000187,recovery,19.38974009341219,-4.447669371549642,0.0009585231382729376
22.766250000000188,recovery,19.16735782297801,-4.447621446031358,0.0009584975936149931
22.81625000000019,recovery,18.94497794878781,-4.4475735217902805,0.0009584720500512844
22.86625000000019,recovery,18.722600470777735,-4.447525598826354,0.0009584465075676007
22.91625000000019,recovery,18.50022538888393,-4.447477677139524,0.000958420966163942
22.96625000000019,recovery,18.27785270304254,-4.447429756729737,0.0009583954258545191
23.01625000000019,recovery,18.055482413189715,-4.4473818375969385,0.0009583698866322266
23.066250000000192,recovery,17.833114519261606,-4.447333919741074,0.000958344348489959
23.116250000000193,recovery,17.61074902119437,-4.447286003162089,0.0009583188114348218
23.166250000000193,recovery,17.38838591892416,-4.4472380878599305,0.0009582932754739204
23.216250000000194,recovery,17.16602521238714,-4.447190173834542,0.0009582677405859386
23.266250000000195,recovery,16.94366690151947,-4.4471422610858715,0.0009582422067921925
23.316250000000196,recovery,16.72131098625732,-4.447094349613863,0.0009582166740855769
23.366250000000196,recovery,16.49895746653685,-4.447046439418463,0.0009581911424589862
23.416250000000197,recovery,16.27660634229424,-4.446998530499617,0.0009581656119124204
23.466250000000198,recovery,16.05425761346566,-4.446950622857272,0.0009581400824600905
23.5162500000002,recovery,15.831911279987283,-4.446902716491371,0.0009581145541019964
23.5662500000002,recovery,15.609567341795291,-4.446854811401861,0.0009580890268168218
23.6162500000002,recovery,15.387225798825867,-4.446806907588689,0.0009580635006187777
23.6662500000002,recovery,15.164886651015193,-4.4467590050518,0.0009580379755078638
23.7162500000002,recovery,14.942549898299458,-4.446711103791139,0.0009580124514698696
23.766250000000202,recovery,14.720215540614852,-4.4466632038066525,0.0009579869285190057
23.816250000000203,recovery,14.497883577897568,-4.446615305098287,0.0009579614066623776
23.866250000000203,recovery,14.2755540100838,-4.446567407665986,0.0009579358858928799
23.916250000000204,recovery,14.053226837109746,-4.446519511509697,0.0009579103662105126
23.966250000000205,recovery,13.830902058911606,-4.446471616629365,0.0009578848476010648
24.016250000000205,recovery,13.608579675425586,-4.446423723024937,0.0009578593300787475
24.066250000000206,recovery,13.386259686587891,-4.446375830696358,0.0009578338136435605
24.116250000000207,recovery,13.16394209233473,-4.446327939643573,0.0009578082982883984
24.166250000000208,recovery,12.941626892602315,-4.4462800498665285,0.0009577827840274722
24.21625000000021,recovery,12.71931408732686,-4.44623216136517,0.0009577572708465709
24.26625000000021,recovery,12.49700367644458,-4.446184274139444,0.0009577317587456946
24.31625000000021,recovery,12.274695659891698,-4.446136388189296,0.0009577062477390541
24.36625000000021,recovery,12.052390037604434,-4.44608850351467,0.0009576807378124386
24.41625000000021,recovery,11.830086809519015,-4.4460406201155145,0.000957655228965848
24.466250000000212,recovery,11.607785975571668,-4.445992737991774,0.0009576297211992824
24.516250000000213,recovery,11.385487535698624,-4.445944857143394,0.0009576042145269525
24.566250000000213,recovery,11.163191489836116,-4.445896977570321,0.0009575787089417531
24.616250000000214,recovery,10.94089783792038,-4.4458490992725,0.0009575532044223678
24.666250000000215,recovery,10.718606579887656,-4.445801222249878,0.0009575277009972183
24.716250000000215,recovery,10.496317715674182,-4.445753346502401,0.0009575021986591992
24.766250000000216,recovery,10.274031245216205,-4.445705472030013,0.000957476697401205
24.816250000000217,recovery,10.051747168449973,-4.4456575988326605,0.0009574511972232358
24.866250000000218,recovery,9.829465485311733,-4.44560972691029,0.0009574256981252915
24.91625000000022,recovery,9.607186195737738,-4.445561856262848,0.0009574002001215831
24.96625000000022,recovery,9.384909299664242,-4.445513986890278,0.0009573747032050051
25.01625000000022,recovery,9.162634797027506,-4.4454661187925275,0.0009573492073613465
25.06625000000022,recovery,8.940362687763788,-4.445418251969542,0.0009573237126048184
25.11625000000022,recovery,8.71809297180935,-4.445370386421267,0.0009572982189354207
25.166250000000222,recovery,8.495825649100459,-4.445322522147649,0.0009572727263389424
25.216250000000223,recovery,8.273560719573384,-4.445274659148633,0.0009572472348367
25.266250000000223,recovery,8.051298183164395,-4.445226797424165,0.0009572217444144826
25.316250000000224,recovery,7.829038039809768,-4.445178936974192,0.0009571962550651847
25.366250000000225,recovery,7.606780289445778,-4.445131077798658,0.0009571707668101226
25.416250000000225,recovery,7.384524932008705,-4.44508321989751,0.0009571452796421909
25.466250000000226,recovery,7.1622719674348305,-4.445035363270694,0.0009571197935471787
25.516250000000227,recovery,6.94002139566044,-4.444987507918156,0.0009570943085321915
25.566250000000228,recovery,6.717773216621821,-4.444939653839841,0.0009570688246043346
25.61625000000023,recovery,6.4955274302552635,-4.444891801035696,0.0009570433417493973
25.66625000000023,recovery,6.27328403649706,-4.444843949505666,0.0009570178599886958
25.71625000000023,recovery,6.051043035283506,-4.444796099249697,0.0009569923793151247
25.76625000000023,recovery,5.828804426550899,-4.444748250267734,0.0009569668997215786
25.81625000000023,recovery,5.606568210235542,-4.444700402559724,0.0009569414212080574
25.866250000000232,recovery,5.384334386273737,-4.444652556125614,0.0009569159437745611
25.916250000000232,recovery,5.162102954601792,-4.444604710965347,0.0009568904674210899
25.966250000000233,recovery,4.939873915156015,-4.444556867078871,0.000956864992154749
26.016250000000234,recovery,4.717647267872719,-4.444509024466131,0.0009568395179755385
26.066250000000235,recovery,4.495423012688217,-4.444461183127074,0.0009568140448692475
26.116250000000235,recovery,4.273201149538828,-4.444413343061645,0.0009567885728429815
26.166250000000236,recovery,4.05098167836087,-4.44436550426979,0.0009567631018967404
26.216250000000237,recovery,3.8287645990906665,-4.444317666751455,0.0009567376320447352
26.266250000000237,recovery,3.6065499116645428,-4.4442698305065855,0.0009567121632727549
26.316250000000238,recovery,3.384337616018827,-4.444221995535128,0.0009566866955736941
26.36625000000024,recovery,3.16212771208985,-4.444174161837028,0.0009566612289688692
26.41625000000024,recovery,2.9399201998139453,-4.444126329412231,0.0009566357634440692
26.46625000000024,recovery,2.7177150791274487,-4.444078498260684,0.0009566102989850833
26.51625000000024,recovery,2.4955123499667,-4.444030668382332,0.0009565848356061224
26.56625000000024,recovery,2.2733120122680397,-4.443982839777123,0.0009565593733213973
26.616250000000242,recovery,2.0511140659678126,-4.443935012445,0.0009565339121166971
26.666250000000243,recovery,1.8289185110023654,-4.443887186385911,0.0009565084519849165
26.716250000000244,recovery,1.6067253473080478,-4.443839361599801,0.0009564829929473717
26.766250000000245,recovery,1.3845345748212126,-4.443791538086616,0.0009564575349969573
26.816250000000245,recovery,1.1623461934782144,-4.443743715846302,0.0009564320781194624
26.866250000000246,recovery,0.9401602032154115,-4.443695894878805,0.000956406622314887
26.916250000000247,recovery,0.717976603969164,-4.44364807518407,0.0009563811675903366
26.966250000000247,recovery,0.4957953956758353,-4.443600256762045,0.0009563557139458112
27.016250000000248,recovery,0.2736165782717913,-4.4435524396126755,0.0009563302613884161
27.06625000000025,recovery,0.051440151693400576,-4.443504623735906,44.43552439612613
27.11625000000025,recovery,0.0,0.0,88.87009247471687
