time,state,state_name,acceleration,pressure,altitude,height,speed,temperature
-0.62,3,boost,9.10,95316.00,512.66,5.16,15.77,23.7
-0.61,3,boost,9.56,95312.00,513.01,5.51,15.97,23.7
-0.60,3,boost,10.04,95314.00,512.84,5.33,16.16,23.7
-0.59,3,boost,10.53,95310.00,513.19,5.68,16.36,23.7
-0.58,3,boost,11.03,95308.00,513.36,5.86,16.56,23.7
-0.57,3,boost,11.54,95304.00,513.71,6.21,16.76,23.7
-0.56,3,boost,12.07,95300.00,514.06,6.56,16.96,23.7
-0.55,3,boost,12.60,95293.00,514.67,7.17,17.16,23.7
-0.54,3,boost,13.15,95292.00,514.76,7.26,17.37,23.7
-0.53,3,boost,13.69,95293.00,514.67,7.17,17.57,23.7
-0.52,3,boost,14.25,95289.00,515.02,7.52,17.78,23.7
-0.51,3,boost,14.80,95284.00,515.46,7.96,17.99,23.7
-0.50,3,boost,15.35,95281.00,515.72,8.22,18.20,23.7
-0.49,3,boost,15.90,95277.00,516.07,8.57,18.41,23.7
-0.48,3,boost,16.44,95270.00,516.68,9.18,18.62,23.7
-0.47,3,boost,16.97,95273.00,516.42,8.92,18.84,23.7
-0.46,3,boost,17.49,95264.00,517.21,9.71,19.05,23.7
-0.45,3,boost,17.99,95262.00,517.38,9.88,19.27,23.7
-0.44,3,boost,18.48,95257.00,517.82,10.32,19.48,23.7
-0.43,3,boost,18.94,95246.00,518.79,11.28,19.70,23.7
-0.42,3,boost,19.38,95251.00,518.35,10.85,19.92,23.7
-0.41,3,boost,19.79,95241.00,519.22,11.72,20.14,23.7
-0.40,3,boost,20.17,95237.00,519.57,12.07,20.36,23.7
-0.39,3,boost,20.52,95235.00,519.75,12.25,20.58,23.7
-0.38,3,boost,20.84,95230.00,520.19,12.68,20.80,23.7
-0.37,3,boost,21.13,95225.00,520.62,13.12,21.03,23.7
-0.36,3,boost,21.38,95225.00,520.62,13.12,21.25,23.7
-0.35,3,boost,21.60,95221.00,520.97,13.47,21.48,23.7
-0.34,3,boost,21.78,95214.00,521.59,14.08,21.70,23.7
-0.33,3,boost,21.93,95213.00,521.67,14.17,21.93,23.7
-0.32,3,boost,22.05,95204.00,522.46,14.96,22.15,23.7
-0.31,3,boost,22.14,95200.00,522.81,15.31,22.38,23.7
-0.30,3,boost,22.20,95200.00,522.81,15.31,22.61,23.7
-0.29,3,boost,22.23,95198.00,522.99,15.49,22.83,23.7
-0.28,3,boost,22.24,95194.00,523.34,15.84,23.06,23.7
-0.27,3,boost,22.22,95187.00,523.95,16.45,23.29,23.7
-0.26,3,boost,22.19,95183.00,524.30,16.80,23.52,23.7
-0.25,3,boost,22.13,95175.00,525.00,17.50,23.75,23.7
-0.24,3,boost,22.07,95173.00,525.18,17.67,23.97,23.7
-0.23,3,boost,21.99,95165.00,525.88,18.38,24.20,23.7
-0.22,3,boost,21.90,95166.00,525.79,18.29,24.43,23.7
-0.21,3,boost,21.80,95161.00,526.23,18.73,24.66,23.7
-0.20,3,boost,21.70,95155.00,526.75,19.25,24.88,23.7
-0.19,3,boost,21.59,95151.00,527.10,19.60,25.11,23.7
-0.18,3,boost,21.48,95147.00,527.45,19.95,25.34,23.7
-0.17,3,boost,21.37,95144.00,527.72,20.21,25.56,23.7
-0.16,3,boost,21.26,95139.00,528.15,20.65,25.79,23.7
-0.15,3,boost,21.15,95140.00,528.07,20.56,26.01,23.7
-0.14,3,boost,21.03,95129.00,529.03,21.53,26.24,23.7
-0.13,3,boost,20.92,95123.00,529.56,22.05,26.46,23.7
-0.12,3,boost,20.81,95127.00,529.21,21.70,26.68,23.7
-0.11,3,boost,20.69,95118.00,529.99,22.49,26.90,23.7
-0.10,3,boost,20.57,95110.00,530.69,23.19,27.12,23.7
-0.09,3,boost,20.44,95110.00,530.69,23.19,27.34,23.7
-0.08,3,boost,20.30,95100.00,531.57,24.07,27.56,23.7
-0.07,3,boost,20.15,95099.00,531.66,24.16,27.77,23.7
-0.06,3,boost,19.99,95094.00,532.10,24.60,27.99,23.7
-0.05,3,boost,19.83,95086.00,532.80,25.30,28.20,23.7
-0.04,3,boost,19.66,95080.00,533.32,25.82,28.41,23.7
-0.03,3,boost,19.48,95079.00,533.41,25.91,28.62,23.7
-0.02,3,boost,19.30,95077.00,533.59,26.09,28.83,23.7
-0.01,3,boost,19.11,95070.00,534.20,26.70,29.04,23.7
0.00,3,boost,18.91,95061.00,534.99,27.49,29.24,23.7
0.00,3,boost,18.91,95061.00,534.99,27.49,29.24,23.7
0.00,3,boost,18.91,95061.00,534.99,27.49,29.24,23.7
0.00,3,boost,18.91,95061.00,534.99,27.49,29.24,23.7
0.00,3,boost,18.91,95061.00,534.99,27.49,29.24,23.7
0.00,3,boost,18.91,95061.00,534.99,27.49,29.24,23.7
0.00,3,boost,18.91,95061.00,534.99,27.49,29.24,23.7
0.00,3,boost,18.91,95061.00,534.99,27.49,29.24,23.7
0.00,3,boost,18.91,95061.00,534.99,27.49,29.24,23.7
0.00,3,boost,18.91,95061.00,534.99,27.49,29.24,23.7
0.00,3,boost,18.91,95061.00,534.99,27.49,29.24,23.7
0.00,3,boost,18.91,95061.00,534.99,27.49,29.24,23.7
0.00,3,boost,18.91,95061.00,534.99,27.49,29.24,23.7
0.00,3,boost,18.91,95061.00,534.99,27.49,29.24,23.7
0.00,3,boost,18.91,95061.00,534.99,27.49,29.24,23.7
0.00,3,boost,18.91,95061.00,534.99,27.49,29.24,23.7
0.00,3,boost,18.91,95061.00,534.99,27.49,29.24,23.7
0.00,3,boost,18.91,95061.00,534.99,27.49,29.24,23.7
0.00,3,boost,18.91,95061.00,534.99,27.49,29.24,23.7
0.00,3,boost,18.91,95061.00,534.99,27.49,29.24,23.7
0.00,3,boost,18.91,95061.00,534.99,27.49,29.24,23.7
0.00,3,boost,18.91,95061.00,534.99,27.49,29.24,23.7
0.00,3,boost,18.91,95061.00,534.99,27.49,29.24,23.7
0.00,3,boost,18.91,95061.00,534.99,27.49,29.24,23.7
0.00,3,boost,18.91,95061.00,534.99,27.49,29.24,23.7
0.00,3,boost,18.91,95061.00,534.99,27.49,29.24,23.7
0.00,3,boost,18.91,95061.00,534.99,27.49,29.24,23.7
0.00,3,boost,18.91,95061.00,534.99,27.49,29.24,23.7
0.00,3,boost,18.91,95061.00,534.99,27.49,29.24,23.7
0.00,3,boost,18.91,95061.00,534.99,27.49,29.24,23.7
0.00,3,boost,18.91,95061.00,534.99,27.49,29.24,23.7
0.00,3,boost,18.91,95061.00,534.99,27.49,29.24,23.7
0.00,3,boost,18.91,95061.00,534.99,27.49,29.24,23.7
0.00,3,boost,18.91,95061.00,534.99,27.49,29.24,23.7
0.00,3,boost,18.91,95061.00,534.99,27.49,29.24,23.7
0.00,3,boost,18.91,95061.00,534.99,27.49,29.24,23.7
0.00,3,boost,18.91,95061.00,534.99,27.49,29.24,23.7
0.00,3,boost,18.91,95061.00,534.99,27.49,29.24,23.7
0.00,3,boost,18.91,95061.00,534.99,27.49,29.24,23.7
0.00,3,boost,18.91,95061.00,534.99,27.49,29.24,23.7
0.00,3,boost,18.91,95061.00,534.99,27.49,29.24,23.7
0.00,3,boost,18.91,95061.00,534.99,27.49,29.24,23.7
0.00,3,boost,18.91,95061.00,534.99,27.49,29.24,23.7
0.00,3,boost,18.91,95061.00,534.99,27.49,29.24,23.7
0.00,3,boost,18.91,95061.00,534.99,27.49,29.24,23.7
0.00,3,boost,18.91,95061.00,534.99,27.49,29.24,23.7
0.00,3,boost,18.91,95061.00,534.99,27.49,29.24,23.7
0.00,3,boost,18.91,95061.00,534.99,27.49,29.24,23.7
0.00,3,boost,18.91,95061.00,534.99,27.49,29.24,23.7
0.00,3,boost,18.91,95061.00,534.99,27.49,29.24,23.7
0.00,3,boost,18.91,95061.00,534.99,27.49,29.24,23.7
0.00,3,boost,18.91,95061.00,534.99,27.49,29.24,23.7
0.00,3,boost,18.91,95061.00,534.99,27.49,29.24,23.7
0.00,3,boost,18.91,95061.00,534.99,27.49,29.24,23.7
0.00,3,boost,18.91,95061.00,534.99,27.49,29.24,23.7
0.00,3,boost,18.91,95061.00,534.99,27.49,29.24,23.7
0.00,3,boost,18.91,95061.00,534.99,27.49,29.24,23.7
0.00,3,boost,18.91,95061.00,534.99,27.49,29.24,23.7
0.00,3,boost,18.91,95061.00,534.99,27.49,29.24,23.7
0.00,3,boost,18.91,95061.00,534.99,27.49,29.24,23.7
0.00,3,boost,18.91,95061.00,534.99,27.49,29.24,23.7
0.00,3,boost,18.91,95061.00,534.99,27.49,29.24,23.7
0.00,3,boost,18.91,95061.00,534.99,27.49,29.24,23.7
0.00,3,boost,18.91,95061.00,534.99,27.49,29.24,23.7
0.01,3,boost,18.70,95061.00,534.99,27.49,29.44,23.7
0.01,3,boost,18.70,95061.00,534.99,27.49,29.44,23.7
0.02,3,boost,18.48,95054.00,535.60,28.10,29.64,23.7
0.03,3,boost,18.26,95045.00,536.39,28.89,29.84,23.7
0.04,3,boost,18.04,95039.00,536.92,29.42,30.04,23.7
0.05,3,boost,17.80,95037.00,537.09,29.59,30.23,23.7
0.06,3,boost,17.56,95032.00,537.53,30.03,30.42,23.7
0.07,3,boost,17.31,95027.00,537.97,30.47,30.61,23.7
0.08,3,boost,17.05,95023.00,538.32,30.82,30.79,23.7
0.09,3,boost,16.79,95018.00,538.76,31.26,30.97,23.7
0.10,3,boost,16.52,95014.00,539.11,31.61,31.15,23.7
0.11,3,boost,16.25,95014.00,539.11,31.61,31.33,23.7
0.12,3,boost,15.96,95009.00,539.55,32.05,31.50,23.7
0.13,3,boost,15.68,95009.00,539.55,32.05,31.68,23.7
0.14,3,boost,15.38,94999.00,540.43,32.92,31.84,23.7
0.15,3,boost,15.08,94992.00,541.04,33.54,32.01,23.7
0.16,3,boost,14.78,94989.00,541.30,33.80,32.17,23.7
0.17,3,boost,14.47,94980.00,542.09,34.59,32.33,23.7
0.18,3,boost,14.15,94976.00,542.44,34.94,32.48,23.7
0.19,3,boost,13.83,94969.00,543.06,35.56,32.63,23.7
0.20,3,boost,13.50,94964.00,543.50,35.99,32.78,23.7
0.21,3,boost,13.17,94966.00,543.32,35.82,32.92,23.7
0.22,3,boost,12.84,94956.00,544.20,36.70,33.06,23.7
0.23,3,boost,12.50,94950.00,544.72,37.22,33.20,23.7
0.24,3,boost,12.15,94950.00,544.72,37.22,33.33,23.7
0.25,3,boost,11.80,94944.00,545.25,37.75,33.46,23.7
0.26,3,boost,11.45,94938.00,545.78,38.27,33.59,23.7
0.27,3,boost,11.09,94932.00,546.30,38.80,33.71,23.7
0.28,3,boost,10.73,94927.00,546.74,39.24,33.83,23.7
0.29,3,boost,10.37,94928.00,546.65,39.15,33.94,23.7
0.30,3,boost,10.01,94915.00,547.79,40.29,34.05,23.7
0.31,3,boost,9.64,94915.00,547.79,40.29,34.15,23.7
0.32,3,boost,9.27,94905.00,548.67,41.17,34.26,23.7
0.33,3,boost,8.89,94903.00,548.85,41.35,34.35,23.7
0.34,3,boost,8.52,94899.00,549.20,41.70,34.44,23.7
0.35,3,boost,8.14,94899.00,549.20,41.70,34.53,23.7
0.36,3,boost,7.76,94888.00,550.16,42.66,34.62,23.7
0.37,3,boost,7.39,94887.00,550.25,42.75,34.70,23.7
0.38,3,boost,7.01,94882.00,550.69,43.19,34.77,23.7
0.39,3,boost,6.62,94879.00,550.95,43.45,34.84,23.7
0.40,3,boost,6.24,94869.00,551.83,44.33,34.91,23.7
0.41,3,boost,5.86,94867.00,552.01,44.51,34.97,23.7
0.42,3,boost,5.48,94863.00,552.36,44.86,35.03,23.7
0.43,3,boost,5.10,94852.00,553.33,45.82,35.09,23.7
0.44,3,boost,4.72,94851.00,553.41,45.91,35.13,23.7
0.45,3,boost,4.34,94845.00,553.94,46.44,35.18,23.7
0.46,3,boost,3.96,94845.00,553.94,46.44,35.22,23.7
0.47,3,boost,3.59,94837.00,554.64,47.14,35.26,23.7
0.48,3,boost,3.21,94832.00,555.08,47.58,35.29,23.7
0.49,3,boost,2.84,94834.00,554.91,47.40,35.32,23.7
0.50,3,boost,2.46,94826.00,555.61,48.11,35.34,23.7
0.51,3,boost,2.10,94822.00,555.96,48.46,35.36,23.7
0.52,3,boost,1.73,94819.00,556.22,48.72,35.38,23.7
0.53,3,boost,1.36,94812.00,556.84,49.34,35.39,23.7
0.54,3,boost,1.00,94806.00,557.37,49.86,35.40,23.7
0.55,3,boost,0.65,94801.00,557.80,50.30,35.40,23.7
0.56,3,boost,0.29,94806.00,557.37,49.86,35.40,23.7
0.57,3,boost,-0.06,94806.00,557.37,49.86,35.40,23.7
0.58,3,boost,-0.41,94796.00,558.24,50.74,35.39,23.7
0.59,3,boost,-0.75,94785.00,559.21,51.71,35.38,23.7
0.60,3,boost,-1.09,94782.00,559.47,51.97,35.37,23.7
0.61,3,boost,-1.42,94772.00,560.35,52.85,35.35,23.7
0.62,3,boost,-1.75,94778.00,559.83,52.32,35.32,23.7
0.63,3,boost,-2.07,94767.00,560.79,53.29,35.30,23.7
0.64,3,boost,-2.39,94762.00,561.23,53.73,35.27,23.7
0.65,3,boost,-2.71,94760.00,561.41,53.91,35.23,23.7
0.66,3,boost,-3.02,94758.00,561.58,54.08,35.20,23.7
0.67,3,boost,-3.32,94754.00,561.93,54.43,35.16,23.7
0.68,3,boost,-3.62,94754.00,561.93,54.43,35.11,23.7
0.69,3,boost,-3.91,94745.00,562.73,55.22,35.07,23.7
0.70,3,boost,-4.20,94740.00,563.17,55.66,35.02,23.7
0.71,3,boost,-4.48,94732.00,563.87,56.37,34.96,23.7
0.72,3,boost,-4.76,94731.00,563.96,56.45,34.91,23.7
0.73,3,boost,-5.02,94726.00,564.40,56.89,34.85,23.7
0.74,3,boost,-5.29,94720.00,564.92,57.42,34.79,23.7
0.75,3,boost,-5.54,94723.00,564.66,57.16,34.72,23.7
0.76,3,boost,-5.79,94719.00,565.01,57.51,34.66,23.7
0.77,3,boost,-6.04,94701.00,566.59,59.09,34.59,23.7
0.78,3,boost,-6.27,94708.00,565.98,58.48,34.51,23.7
0.79,3,boost,-6.50,94708.00,565.98,58.48,34.44,23.7
0.80,3,boost,-6.73,94704.00,566.33,58.83,34.36,23.7
0.81,3,boost,-6.95,94692.00,567.39,59.88,34.28,23.7
0.82,3,boost,-7.16,94693.00,567.30,59.80,34.20,23.7
0.83,3,boost,-7.36,94688.00,567.74,60.24,34.12,23.7
0.84,3,boost,-7.56,94679.00,568.53,61.03,34.03,23.7
0.85,3,boost,-7.75,94680.00,568.44,60.94,33.94,23.7
0.86,3,boost,-7.93,94674.00,568.97,61.47,33.85,23.7
0.87,3,boost,-8.11,94671.00,569.23,61.73,33.76,23.7
0.88,3,boost,-8.28,94669.00,569.41,61.91,33.67,23.7
0.89,3,boost,-8.45,94660.00,570.20,62.70,33.58,23.7
0.90,3,boost,-8.61,94660.00,570.20,62.70,33.48,23.7
0.91,3,boost,-8.76,94656.00,570.55,63.05,33.38,23.7
0.92,3,boost,-8.90,94654.00,570.73,63.23,33.28,23.7
0.93,3,boost,-9.04,94652.00,570.90,63.40,33.18,23.7
0.94,3,boost,-9.18,94641.00,571.87,64.37,33.08,23.7
0.95,3,boost,-9.30,94643.00,571.69,64.19,32.98,23.7
0.96,3,boost,-9.42,94638.00,572.13,64.63,32.87,23.7
0.97,3,boost,-9.54,94633.00,572.57,65.07,32.77,23.7
0.98,3,boost,-9.65,94629.00,572.93,65.42,32.66,23.7
0.99,3,boost,-9.75,94630.00,572.84,65.34,32.56,23.7
1.00,3,boost,-9.85,94621.00,573.63,66.13,32.45,23.7
1.01,3,boost,-9.94,94621.00,573.63,66.13,32.34,23.7
1.02,3,boost,-10.03,94616.00,574.07,66.57,32.23,23.7
1.03,3,boost,-10.11,94608.00,574.77,67.27,32.12,23.7
1.04,3,boost,-10.19,94604.00,575.13,67.62,32.01,23.7
1.05,3,boost,-10.26,94600.00,575.48,67.98,31.90,23.7
1.06,3,boost,-10.33,94594.00,576.01,68.50,31.79,23.7
1.07,3,boost,-10.39,94598.00,575.65,68.15,31.68,23.7
1.08,3,boost,-10.45,94587.00,576.62,69.12,31.57,23.7
1.09,3,boost,-10.50,94588.00,576.53,69.03,31.46,23.7
1.10,3,boost,-10.55,94585.00,576.80,69.30,31.34,23.7
1.11,3,boost,-10.60,94581.00,577.15,69.65,31.23,23.7
1.12,3,boost,-10.64,94581.00,577.15,69.65,31.12,23.7
1.13,3,boost,-10.68,94575.00,577.68,70.18,31.01,23.7
1.14,3,boost,-10.72,94566.00,578.47,70.97,30.89,23.7
1.15,3,boost,-10.75,94569.00,578.21,70.71,30.78,23.7
1.16,3,boost,-10.78,94556.00,579.35,71.85,30.67,23.7
1.17,3,boost,-10.81,94557.00,579.26,71.76,30.55,23.7
1.18,3,boost,-10.83,94555.00,579.44,71.94,30.44,23.7
1.19,3,boost,-10.86,94552.00,579.70,72.20,30.33,23.7
1.20,3,boost,-10.88,94550.00,579.88,72.38,30.22,23.7
1.21,3,boost,-10.89,94544.00,580.41,72.91,30.10,23.7
1.22,3,boost,-10.91,94539.00,580.85,73.35,29.99,23.7
1.23,3,boost,-10.92,94539.00,580.85,73.35,29.88,23.7
1.24,3,boost,-10.94,94532.00,581.46,73.96,29.77,23.7
1.25,3,boost,-10.95,94535.00,581.20,73.70,29.66,23.7
1.26,3,boost,-10.96,94535.00,581.20,73.70,29.55,23.7
1.27,3,boost,-10.97,94524.00,582.17,74.67,29.44,23.7
1.28,3,boost,-10.97,94527.00,581.90,74.40,29.33,23.7
1.29,3,boost,-10.98,94517.00,582.78,75.28,29.22,23.7
1.30,3,boost,-10.98,94512.00,583.23,75.72,29.11,23.7
1.31,3,boost,-10.99,94511.00,583.31,75.81,29.00,23.7
1.32,3,boost,-10.99,94505.00,583.84,76.34,28.89,23.7
1.33,3,boost,-11.00,94503.00,584.02,76.52,28.78,23.7
1.34,3,boost,-11.00,94503.00,584.02,76.52,28.67,23.7
1.35,3,boost,-11.00,94500.00,584.28,76.78,28.57,23.7
1.36,3,boost,-11.00,94491.00,585.07,77.57,28.46,23.7
1.37,3,boost,-11.01,94493.00,584.90,77.40,28.35,23.7
1.38,3,boost,-11.01,94485.00,585.60,78.10,28.25,23.7
1.39,3,boost,-11.01,94486.00,585.52,78.01,28.14,23.7
1.40,3,boost,-11.01,94483.00,585.78,78.28,28.03,23.7
1.41,3,boost,-11.01,94478.00,586.22,78.72,27.92,23.7
1.42,3,boost,-11.02,94478.00,586.22,78.72,27.82,23.7
1.43,3,boost,-11.02,94477.00,586.31,78.81,27.71,23.7
1.44,3,boost,-11.02,94472.00,586.75,79.25,27.60,23.7
1.45,3,boost,-11.02,94472.00,586.75,79.25,27.49,23.7
1.46,3,boost,-11.03,94466.00,587.28,79.78,27.38,23.7
1.47,3,boost,-11.03,94461.00,587.72,80.22,27.27,23.6
1.48,3,boost,-11.03,94459.00,587.89,80.39,27.16,23.7
1.49,3,boost,-11.03,94453.00,588.42,80.92,27.05,23.7
1.50,3,boost,-11.04,94451.00,588.60,81.10,26.94,23.7
1.51,3,boost,-11.04,94445.00,589.13,81.63,26.83,23.7
1.52,3,boost,-11.04,94441.00,589.48,81.98,26.72,23.7
1.53,3,boost,-11.05,94444.00,589.22,81.71,26.61,23.7
1.54,3,boost,-11.05,94440.00,589.57,82.07,26.50,23.7
1.55,3,boost,-11.05,94438.00,589.74,82.24,26.39,23.7
1.56,3,boost,-11.06,94438.00,589.74,82.24,26.28,23.7
1.57,3,boost,-11.06,94432.00,590.27,82.77,26.17,23.7
1.58,3,boost,-11.07,94428.00,590.63,83.12,26.06,23.6
1.59,3,boost,-11.07,94425.00,590.89,83.39,25.94,23.7
1.60,3,boost,-11.08,94416.00,591.68,84.18,25.83,23.7
1.61,3,boost,-11.08,94416.00,591.68,84.18,25.72,23.7
1.62,3,boost,-11.08,94414.00,591.86,84.36,25.61,23.7
1.63,3,boost,-11.09,94412.00,592.04,84.53,25.50,23.7
1.64,3,boost,-11.09,94408.00,592.39,84.89,25.39,23.7
1.65,3,boost,-11.09,94406.00,592.56,85.06,25.27,23.7
1.66,3,boost,-11.10,94404.00,592.74,85.24,25.16,23.7
1.67,3,boost,-11.10,94404.00,592.74,85.24,25.05,23.7
1.68,3,boost,-11.10,94397.00,593.36,85.86,24.94,23.7
1.69,3,boost,-11.11,94391.00,593.89,86.39,24.82,23.7
1.70,3,boost,-11.11,94391.00,593.89,86.39,24.71,23.7
1.71,3,boost,-11.11,94387.00,594.24,86.74,24.60,23.7
1.72,3,boost,-11.11,94388.00,594.15,86.65,24.49,23.7
1.73,3,boost,-11.11,94382.00,594.68,87.18,24.37,23.7
1.74,3,boost,-11.11,94387.00,594.24,86.74,24.26,23.7
1.75,3,boost,-11.11,94380.00,594.86,87.36,24.15,23.7
1.76,3,boost,-11.11,94379.00,594.95,87.44,24.04,23.7
1.77,3,boost,-11.11,94372.00,595.56,88.06,23.93,23.7
1.78,3,boost,-11.11,94372.00,595.56,88.06,23.81,23.7
1.79,3,boost,-11.11,94366.00,596.09,88.59,23.70,23.7
1.80,3,boost,-11.11,94364.00,596.27,88.77,23.59,23.6
1.81,3,boost,-11.11,94359.00,596.71,89.21,23.48,23.7
1.82,3,boost,-11.11,94356.00,596.97,89.47,23.37,23.7
1.83,3,boost,-11.10,94357.00,596.89,89.38,23.26,23.7
1.84,3,boost,-11.10,94355.00,597.06,89.56,23.15,23.7
1.85,3,boost,-11.10,94355.00,597.06,89.56,23.05,23.7
1.86,3,boost,-11.09,94351.00,597.41,89.91,22.92,23.7
1.87,3,boost,-11.09,94344.00,598.03,90.53,22.81,23.7
1.88,3,boost,-11.08,94348.00,597.68,90.18,22.70,23.7
1.89,3,boost,-11.08,94348.00,597.68,90.18,22.59,23.7
1.90,3,boost,-11.07,94341.00,598.30,90.79,22.48,23.7
1.91,3,boost,-11.07,94336.00,598.74,91.24,22.37,23.6
1.92,3,boost,-11.06,94336.00,598.74,91.24,22.26,23.7
1.93,3,boost,-11.05,94332.00,599.09,91.59,22.15,23.7
1.94,3,boost,-11.05,94328.00,599.44,91.94,22.04,23.7
1.95,3,boost,-11.04,94327.00,599.53,92.03,21.93,23.7
1.96,3,boost,-11.03,94323.00,599.88,92.38,21.81,23.7
1.97,3,boost,-11.02,94325.00,599.71,92.21,21.70,23.7
1.98,3,boost,-11.02,94318.00,600.32,92.82,21.59,23.7
1.99,3,boost,-11.01,94313.00,600.77,93.26,21.48,23.7
2.00,3,boost,-11.00,94313.00,600.77,93.26,21.37,23.7
2.01,3,boost,-10.99,94314.00,600.68,93.18,21.26,23.7
2.02,3,boost,-10.98,94309.00,601.12,93.62,21.15,23.6
2.03,3,boost,-10.97,94311.00,600.94,93.44,21.04,23.7
2.04,3,boost,-10.96,94302.00,601.74,94.23,20.94,23.7
2.05,3,boost,-10.95,94300.00,601.91,94.41,20.83,23.7
2.06,3,boost,-10.94,94303.00,601.65,94.15,20.70,23.7
2.07,3,boost,-10.93,94296.00,602.27,94.76,20.59,23.7
2.08,3,boost,-10.91,94299.00,602.00,94.50,20.48,23.7
2.09,3,boost,-10.90,94292.00,602.62,95.12,20.38,23.7
2.10,3,boost,-10.89,94293.00,602.53,95.03,20.27,23.7
2.11,3,boost,-10.88,94293.00,602.53,95.03,20.16,23.7
2.12,3,boost,-10.87,94292.00,602.62,95.12,20.05,23.7
2.13,3,boost,-10.85,94280.00,603.68,96.18,19.94,23.6
2.14,3,boost,-10.84,94281.00,603.59,96.09,19.84,23.7
2.15,3,boost,-10.83,94277.00,603.94,96.44,19.73,23.7
2.16,3,boost,-10.81,94270.00,604.56,97.06,19.61,23.7
2.17,3,boost,-10.80,94275.00,604.12,96.62,19.50,23.7
2.18,3,boost,-10.79,94280.00,603.68,96.18,19.39,23.7
2.19,3,boost,-10.77,94278.00,603.85,96.35,19.29,23.7
2.20,3,boost,-10.76,94275.00,604.12,96.62,19.18,23.7
2.21,5,coast,-10.74,94262.00,605.27,97.76,19.07,23.7
2.21,5,coast,-10.74,94262.00,605.27,97.76,19.07,23.7
2.22,5,coast,-10.73,94262.00,605.27,97.76,18.97,23.7
2.23,5,coast,-10.72,94263.00,605.18,97.68,18.86,23.7
2.24,5,coast,-10.70,94264.00,605.09,97.59,18.75,23.6
2.25,5,coast,-10.69,94262.00,605.27,97.76,18.65,23.6
2.26,5,coast,-10.67,94258.00,605.62,98.12,18.53,23.7
2.27,5,coast,-10.65,94254.00,605.97,98.47,18.43,23.7
2.28,5,coast,-10.64,94254.00,605.97,98.47,18.32,23.7
2.29,5,coast,-10.62,94243.00,606.94,99.44,18.21,23.7
2.30,5,coast,-10.61,94245.00,606.77,99.27,18.11,23.7
2.31,5,coast,-10.59,94247.00,606.59,99.09,18.00,23.7
2.32,5,coast,-10.58,94252.00,606.15,98.65,17.90,23.7
2.33,5,coast,-10.56,94252.00,606.15,98.65,17.80,23.7
2.34,5,coast,-10.54,94244.00,606.85,99.35,17.69,23.7
2.35,5,coast,-10.53,94238.00,607.38,99.88,17.59,23.6
2.36,5,coast,-10.51,94240.00,607.21,99.71,17.47,23.6
2.37,5,coast,-10.49,94238.00,607.38,99.88,17.37,23.6
2.38,5,coast,-10.47,94234.00,607.74,100.24,17.26,23.7
2.39,5,coast,-10.46,94233.00,607.83,100.32,17.16,23.7
2.40,5,coast,-10.44,94237.00,607.47,99.97,17.05,23.7
2.41,5,coast,-10.42,94226.00,608.44,100.94,16.95,23.7
2.42,5,coast,-10.40,94230.00,608.09,100.59,16.85,23.7
2.43,5,coast,-10.39,94226.00,608.44,100.94,16.75,23.7
2.44,5,coast,-10.37,94226.00,608.44,100.94,16.64,23.7
2.45,5,coast,-10.35,94223.00,608.71,101.21,16.54,23.7
2.46,5,coast,-10.33,94226.00,608.44,100.94,16.43,23.6
2.47,5,coast,-10.32,94217.00,609.24,101.74,16.32,23.6
2.48,5,coast,-10.30,94217.00,609.24,101.74,16.22,23.7
2.49,5,coast,-10.28,94214.00,609.50,102.00,16.12,23.7
2.50,5,coast,-10.26,94216.00,609.33,101.83,16.02,23.7
2.51,5,coast,-10.24,94209.00,609.94,102.44,15.91,23.7
2.52,5,coast,-10.22,94212.00,609.68,102.18,15.81,23.7
2.53,5,coast,-10.21,94208.00,610.03,102.53,15.71,23.7
2.54,5,coast,-10.19,94209.00,609.94,102.44,15.61,23.7
2.55,5,coast,-10.17,94209.00,609.94,102.44,15.51,23.7
2.56,5,coast,-10.15,94201.00,610.65,103.15,15.40,23.7
2.57,5,coast,-10.13,94200.00,610.74,103.24,15.30,23.6
2.58,5,coast,-10.11,94193.00,611.36,103.86,15.20,23.6
2.59,5,coast,-10.09,94197.00,611.00,103.50,15.10,23.6
2.60,5,coast,-10.07,94198.00,610.92,103.41,15.00,23.7
2.61,5,coast,-10.06,94192.00,611.45,103.94,14.90,23.7
2.62,5,coast,-10.04,94191.00,611.53,104.03,14.80,23.7
2.63,5,coast,-10.02,94191.00,611.53,104.03,14.70,23.7
2.64,5,coast,-10.00,94189.00,611.71,104.21,14.60,23.7
2.65,5,coast,-9.98,94191.00,611.53,104.03,14.50,23.7
2.66,5,coast,-9.96,94191.00,611.53,104.03,14.39,23.7
2.67,5,coast,-9.94,94182.00,612.33,104.83,14.29,23.7
2.68,5,coast,-9.92,94183.00,612.24,104.74,14.19,23.6
2.69,5,coast,-9.90,94183.00,612.24,104.74,14.09,23.6
2.70,5,coast,-9.89,94177.00,612.77,105.27,14.00,23.7
2.71,5,coast,-9.87,94179.00,612.59,105.09,13.90,23.7
2.72,5,coast,-9.85,94172.00,613.21,105.71,13.80,23.7
2.73,5,coast,-9.83,94174.00,613.04,105.53,13.70,23.7
2.74,5,coast,-9.81,94172.00,613.21,105.71,13.61,23.7
2.75,5,coast,-9.79,94172.00,613.21,105.71,13.51,23.7
2.76,5,coast,-9.77,94171.00,613.30,105.80,13.41,23.7
2.77,5,coast,-9.75,94171.00,613.30,105.80,13.31,23.7
2.78,5,coast,-9.74,94163.00,614.01,106.51,13.21,23.7
2.79,5,coast,-9.72,94169.00,613.48,105.98,13.12,23.6
2.80,5,coast,-9.70,94165.00,613.83,106.33,13.02,23.6
2.81,5,coast,-9.68,94165.00,613.83,106.33,12.92,23.6
2.82,5,coast,-9.66,94167.00,613.65,106.15,12.83,23.7
2.83,5,coast,-9.64,94162.00,614.10,106.59,12.73,23.7
2.84,5,coast,-9.63,94162.00,614.10,106.59,12.64,23.7
2.85,5,coast,-9.61,94159.00,614.36,106.86,12.55,23.7
2.86,5,coast,-9.59,94156.00,614.63,107.12,12.44,23.7
2.87,5,coast,-9.57,94156.00,614.63,107.12,12.35,23.7
2.88,5,coast,-9.55,94156.00,614.63,107.12,12.25,23.7
2.89,5,coast,-9.54,94157.00,614.54,107.04,12.16,23.7
2.90,5,coast,-9.52,94154.00,614.80,107.30,12.06,23.6
2.91,5,coast,-9.50,94145.00,615.60,108.10,11.97,23.6
2.92,5,coast,-9.48,94149.00,615.24,107.74,11.87,23.6
2.93,5,coast,-9.46,94148.00,615.33,107.83,11.78,23.6
2.94,5,coast,-9.45,94144.00,615.69,108.18,11.69,23.7
2.95,5,coast,-9.43,94142.00,615.86,108.36,11.59,23.7
2.96,5,coast,-9.41,94147.00,615.42,107.92,11.49,23.7
2.97,5,coast,-9.39,94140.00,616.04,108.54,11.40,23.7
2.98,5,coast,-9.37,94141.00,615.95,108.45,11.30,23.7
2.99,5,coast,-9.36,94141.00,615.95,108.45,11.21,23.7
3.00,5,coast,-9.34,94135.00,616.48,108.98,11.12,23.7
3.01,5,coast,-9.32,94133.00,616.66,109.16,11.02,23.6
3.02,5,coast,-9.30,94136.00,616.39,108.89,10.93,23.6
3.03,5,coast,-9.29,94136.00,616.39,108.89,10.84,23.6
3.04,5,coast,-9.27,94132.00,616.75,109.24,10.75,23.7
3.05,5,coast,-9.25,94134.00,616.57,109.07,10.65,23.7
3.06,5,coast,-9.23,94135.00,616.48,108.98,10.56,23.7
3.07,5,coast,-9.21,94127.00,617.19,109.69,10.46,23.7
3.08,5,coast,-9.20,94127.00,617.19,109.69,10.37,23.7
3.09,5,coast,-9.18,94129.00,617.01,109.51,10.28,23.7
3.10,5,coast,-9.16,94129.00,617.01,109.51,10.19,23.7
3.11,5,coast,-9.14,94123.00,617.54,110.04,10.10,23.7
3.12,5,coast,-9.12,94123.00,617.54,110.04,10.01,23.6
3.13,5,coast,-9.11,94122.00,617.63,110.13,9.92,23.6
3.14,5,coast,-9.09,94120.00,617.81,110.30,9.83,23.6
3.15,5,coast,-9.07,94117.00,618.07,110.57,9.74,23.6
3.16,5,coast,-9.05,94121.00,617.72,110.22,9.64,23.7
3.17,5,coast,-9.03,94123.00,617.54,110.04,9.55,23.7
3.18,5,coast,-9.01,94116.00,618.16,110.66,9.46,23.7
3.19,5,coast,-9.00,94115.00,618.25,110.75,9.37,23.7
3.20,5,coast,-8.98,94118.00,617.98,110.48,9.28,23.7
3.21,5,coast,-8.96,94118.00,617.98,110.48,9.19,23.7
3.22,5,coast,-8.94,94115.00,618.25,110.75,9.10,23.7
3.23,5,coast,-8.92,94114.00,618.34,110.84,9.01,23.6
3.24,5,coast,-8.90,94116.00,618.16,110.66,8.92,23.6
3.25,5,coast,-8.88,94110.00,618.69,111.19,8.84,23.6
3.26,5,coast,-8.87,94113.00,618.42,110.92,8.74,23.6
3.27,5,coast,-8.86,94107.00,618.96,111.45,8.66,23.7
3.28,5,coast,-8.85,94106.00,619.04,111.54,8.57,23.7
3.29,5,coast,-8.84,94105.00,619.13,111.63,8.48,23.7
3.30,5,coast,-8.84,94108.00,618.87,111.37,8.39,23.7
3.31,5,coast,-8.85,94107.00,618.96,111.45,8.30,23.7
3.32,5,coast,-8.85,94107.00,618.96,111.45,8.22,23.7
3.33,5,coast,-8.86,94103.00,619.31,111.81,8.13,23.7
3.34,5,coast,-8.87,94103.00,619.31,111.81,8.04,23.6
3.35,5,coast,-8.89,94098.00,619.75,112.25,7.96,23.6
3.36,5,coast,-8.73,94102.00,619.40,111.90,7.87,23.6
3.37,5,coast,-8.72,94097.00,619.84,112.34,7.78,23.6
3.38,5,coast,-8.71,94100.00,619.57,112.07,7.69,23.7
3.39,5,coast,-8.71,94098.00,619.75,112.25,7.61,23.7
3.40,5,coast,-8.71,94098.00,619.75,112.25,7.52,23.7
3.41,5,coast,-8.71,94100.00,619.57,112.07,7.44,23.7
3.42,5,coast,-8.72,94095.00,620.02,112.51,7.35,23.7
3.43,5,coast,-8.73,94095.00,620.02,112.51,7.26,23.7
3.44,5,coast,-8.74,94099.00,619.66,112.16,7.18,23.7
3.45,5,coast,-8.76,94097.00,619.84,112.34,7.09,23.6
3.46,5,coast,-8.61,94092.00,620.28,112.78,7.01,23.6
3.47,5,coast,-8.60,94094.00,620.10,112.60,6.92,23.6
3.48,5,coast,-8.60,94090.00,620.46,112.96,6.84,23.6
3.49,5,coast,-8.59,94090.00,620.46,112.96,6.75,23.6
3.50,5,coast,-8.60,94090.00,620.46,112.96,6.67,23.7
3.51,5,coast,-8.61,94092.00,620.28,112.78,6.58,23.7
3.52,5,coast,-8.62,94090.00,620.46,112.96,6.50,23.7
3.53,5,coast,-8.63,94084.00,620.99,113.49,6.42,23.7
3.54,5,coast,-8.64,94084.00,620.99,113.49,6.33,23.7
3.55,5,coast,-8.66,94081.00,621.25,113.75,6.25,23.7
3.56,5,coast,-8.52,94090.00,620.46,112.96,6.17,23.6
3.57,5,coast,-8.52,94089.00,620.55,113.04,6.08,23.6
3.58,5,coast,-8.52,94087.00,620.72,113.22,6.00,23.6
3.59,5,coast,-8.52,94080.00,621.34,113.84,5.92,23.6
3.60,5,coast,-8.53,94088.00,620.63,113.13,5.84,23.7
3.61,5,coast,-8.53,94079.00,621.43,113.93,5.75,23.7
3.62,5,coast,-8.55,94083.00,621.08,113.57,5.67,23.7
3.63,5,coast,-8.56,94083.00,621.08,113.57,5.59,23.7
3.64,5,coast,-8.57,94084.00,620.99,113.49,5.51,23.7
3.65,5,coast,-8.59,94084.00,620.99,113.49,5.43,23.7
3.66,5,coast,-8.45,94076.00,621.70,114.19,5.35,23.7
3.67,5,coast,-8.45,94083.00,621.08,113.57,5.27,23.6
3.68,5,coast,-8.44,94082.00,621.16,113.66,5.19,23.6
3.69,5,coast,-8.44,94075.00,621.78,114.28,5.11,23.6
3.70,5,coast,-8.44,94078.00,621.52,114.02,5.03,23.6
3.71,5,coast,-8.44,94072.00,622.05,114.55,4.95,23.7
3.72,5,coast,-8.44,94079.00,621.43,113.93,4.88,23.6
3.73,5,coast,-8.44,94078.00,621.52,114.02,4.80,23.7
3.74,5,coast,-8.45,94075.00,621.78,114.28,4.72,23.7
3.75,7,main,-8.45,94073.00,621.96,114.46,4.64,23.7
3.75,7,main,-8.45,94073.00,621.96,114.46,4.64,23.7
3.76,7,main,-8.22,94073.00,621.96,114.46,4.22,23.7
3.86,7,main,-7.80,94064.00,622.76,115.25,3.47,23.7
3.96,7,main,-7.22,94066.00,622.58,115.08,2.75,23.7
4.06,7,main,-6.61,94070.00,622.23,114.72,2.06,23.7
4.16,7,main,-6.09,94071.00,622.14,114.64,1.41,23.7
4.26,7,main,-5.70,94063.00,622.84,115.34,0.80,23.7
4.36,7,main,-5.28,94065.00,622.67,115.17,0.23,23.7
4.46,7,main,-4.85,94067.00,622.49,114.99,-0.31,23.7
4.56,7,main,-4.40,94065.00,622.67,115.17,-0.79,23.7
4.66,7,main,-3.94,94063.00,622.84,115.34,-1.23,23.7
4.76,7,main,-3.48,94059.00,623.20,115.70,-1.63,23.7
4.86,7,main,-3.03,94072.00,622.05,114.55,-1.97,23.7
4.96,7,main,-2.59,94084.00,620.99,113.49,-2.28,23.7
5.06,7,main,-2.17,94087.00,620.72,113.22,-2.53,23.7
5.16,7,main,-1.77,94094.00,620.10,112.60,-2.74,23.7
5.26,7,main,-1.41,94095.00,620.02,112.51,-2.92,23.7
5.36,7,main,-1.08,94102.00,619.40,111.90,-3.05,23.7
5.46,7,main,-0.79,94110.00,618.69,111.19,-3.15,23.7
5.56,7,main,-0.54,94111.00,618.60,111.10,-3.23,23.7
5.66,7,main,-0.33,94108.00,618.87,111.37,-3.27,23.7
5.76,7,main,-0.16,94112.00,618.51,111.01,-3.30,23.7
5.86,7,main,-0.03,94119.00,617.89,110.39,-3.31,23.7
5.96,7,main,0.06,94124.00,617.45,109.95,-3.30,23.7
6.06,7,main,0.11,94129.00,617.01,109.51,-3.29,23.7
6.16,7,main,0.14,94130.00,616.92,109.42,-3.28,23.7
6.26,7,main,0.14,94137.00,616.30,108.80,-3.26,23.7
6.36,7,main,0.12,94142.00,615.86,108.36,-3.24,23.7
6.46,7,main,0.08,94140.00,616.04,108.54,-3.23,23.7
6.56,7,main,0.03,94147.00,615.42,107.92,-3.21,23.7
6.66,7,main,-0.04,94146.00,615.51,108.01,-3.21,23.7
6.76,7,main,-0.10,94147.00,615.42,107.92,-3.21,23.7
6.86,7,main,-0.15,94157.00,614.54,107.04,-3.22,23.7
6.96,7,main,-0.19,94157.00,614.54,107.04,-3.25,23.7
7.06,7,main,-0.22,94159.00,614.36,106.86,-3.27,23.7
7.16,7,main,-0.23,94162.00,614.10,106.59,-3.29,23.7
7.26,7,main,-0.23,94168.00,613.57,106.06,-3.31,23.7
7.36,7,main,-0.22,94171.00,613.30,105.80,-3.34,23.7
7.46,7,main,-0.20,94176.00,612.86,105.36,-3.36,23.7
7.56,7,main,-0.18,94184.00,612.15,104.65,-3.38,23.7
7.66,7,main,-0.15,94185.00,612.06,104.56,-3.40,23.7
7.76,7,main,-0.13,94188.00,611.80,104.30,-3.42,23.7
7.86,7,main,-0.11,94192.00,611.45,103.94,-3.43,23.7
7.96,7,main,-0.09,94194.00,611.27,103.77,-3.44,23.7
8.06,7,main,-0.06,94201.00,610.65,103.15,-3.45,23.7
8.16,7,main,-0.04,94204.00,610.39,102.88,-3.45,23.7
8.26,7,main,-0.02,94211.00,609.77,102.27,-3.46,23.7
8.36,7,main,0.00,94210.00,609.86,102.36,-3.46,23.7
8.46,7,main,0.02,94220.00,608.97,101.47,-3.46,23.7
8.56,7,main,0.03,94219.00,609.06,101.56,-3.46,23.7
8.66,7,main,0.03,94228.00,608.27,100.77,-3.45,23.7
8.76,7,main,0.03,94234.00,607.74,100.24,-3.45,23.7
8.86,7,main,0.01,94233.00,607.83,100.32,-3.45,23.7
8.96,7,main,-0.01,94237.00,607.47,99.97,-3.44,23.7
9.06,7,main,-0.03,94234.00,607.74,100.24,-3.44,23.7
9.16,7,main,-0.06,94237.00,607.47,99.97,-3.44,23.7
9.26,7,main,-0.09,94249.00,606.41,98.91,-3.45,23.7
9.36,7,main,-0.11,94247.00,606.59,99.09,-3.46,23.7
9.46,7,main,-0.13,94255.00,605.88,98.38,-3.47,23.7
9.56,7,main,-0.15,94257.00,605.71,98.21,-3.49,23.7
9.66,7,main,-0.17,94266.00,604.91,97.41,-3.50,23.7
9.76,7,main,-0.18,94270.00,604.56,97.06,-3.52,23.7
9.86,7,main,-0.19,94267.00,604.82,97.32,-3.54,23.7
9.96,7,main,-0.20,94274.00,604.21,96.71,-3.56,23.7
10.06,7,main,-0.21,94284.00,603.32,95.82,-3.58,23.7
10.16,7,main,-0.21,94283.00,603.41,95.91,-3.60,23.7
10.26,7,main,-0.21,94291.00,602.71,95.21,-3.62,23.7
10.36,7,main,-0.20,94293.00,602.53,95.03,-3.64,23.7
10.46,7,main,-0.20,94290.00,602.80,95.29,-3.66,23.7
10.56,7,main,-0.18,94299.00,602.00,94.50,-3.68,23.7
10.66,7,main,-0.17,94300.00,601.91,94.41,-3.70,23.7
10.76,7,main,-0.15,94303.00,601.65,94.15,-3.72,23.7
10.86,7,main,-0.13,94309.00,601.12,93.62,-3.74,23.7
10.96,7,main,-0.11,94316.00,600.50,93.00,-3.75,23.7
11.06,7,main,-0.09,94316.00,600.50,93.00,-3.76,23.7
11.16,7,main,-0.07,94331.00,599.18,91.68,-3.77,23.7
11.26,7,main,-0.06,94332.00,599.09,91.59,-3.78,23.7
11.36,7,main,-0.03,94336.00,598.74,91.24,-3.78,23.7
11.46,7,main,-0.01,94338.00,598.56,91.06,-3.79,23.7
11.56,7,main,0.02,94341.00,598.30,90.79,-3.78,23.7
11.66,7,main,0.05,94347.00,597.77,90.27,-3.79,23.7
11.76,7,main,0.07,94352.00,597.33,89.82,-3.78,23.7
11.86,7,main,0.09,94357.00,596.89,89.38,-3.77,23.7
11.96,7,main,0.10,94356.00,596.97,89.47,-3.76,23.7
12.06,7,main,0.11,94364.00,596.27,88.77,-3.75,23.7
12.16,7,main,0.12,94370.00,595.74,88.24,-3.74,23.7
12.26,7,main,0.12,94369.00,595.83,88.33,-3.73,23.7
12.36,7,main,0.11,94379.00,594.95,87.44,-3.72,23.7
12.46,7,main,0.10,94379.00,594.95,87.44,-3.70,23.7
12.56,7,main,0.08,94382.00,594.68,87.18,-3.69,23.7
12.66,7,main,0.06,94391.00,593.89,86.39,-3.68,23.7
12.76,7,main,0.02,94394.00,593.62,86.12,-3.67,23.7
12.86,7,main,-0.01,94403.00,592.83,85.33,-3.67,23.7
12.96,7,main,-0.05,94398.00,593.27,85.77,-3.67,23.7
13.06,7,main,-0.07,94407.00,592.48,84.98,-3.68,23.7
13.16,7,main,-0.08,94412.00,592.04,84.53,-3.69,23.7
13.26,7,main,-0.08,94415.00,591.77,84.27,-3.70,23.7
13.36,7,main,-0.08,94419.00,591.42,83.92,-3.71,23.7
13.46,7,main,-0.08,94420.00,591.33,83.83,-3.71,23.7
13.56,7,main,-0.07,94422.00,591.15,83.65,-3.72,23.7
13.66,7,main,-0.05,94431.00,590.36,82.86,-3.73,23.7
13.76,7,main,-0.03,94432.00,590.27,82.77,-3.74,23.7
13.86,7,main,-0.01,94437.00,589.83,82.33,-3.74,23.7
13.96,7,main,0.01,94443.00,589.30,81.80,-3.74,23.7
14.06,7,main,0.04,94447.00,588.95,81.45,-3.74,23.7
14.16,7,main,0.06,94452.00,588.51,81.01,-3.74,23.7
14.26,7,main,0.09,94455.00,588.25,80.74,-3.73,23.7
14.36,7,main,0.10,94463.00,587.54,80.04,-3.72,23.7
14.46,7,main,0.12,94464.00,587.45,79.95,-3.71,23.7
14.56,7,main,0.13,94468.00,587.10,79.60,-3.70,23.7
14.66,7,main,0.13,94475.00,586.48,78.98,-3.68,23.7
14.76,7,main,0.13,94480.00,586.04,78.54,-3.67,23.7
14.86,7,main,0.12,94480.00,586.04,78.54,-3.66,23.7
14.96,7,main,0.11,94492.00,584.99,77.49,-3.64,23.7
15.06,7,main,0.09,94498.00,584.46,76.96,-3.63,23.7
15.16,7,main,0.07,94496.00,584.63,77.13,-3.62,23.7
15.26,7,main,0.05,94502.00,584.11,76.60,-3.62,23.7
15.36,7,main,0.03,94493.00,584.90,77.40,-3.61,23.7
15.46,7,main,0.01,94504.00,583.93,76.43,-3.61,23.7
15.56,7,main,-0.01,94512.00,583.23,75.72,-3.60,23.7
15.66,7,main,-0.03,94512.00,583.23,75.72,-3.61,23.7
15.76,7,main,-0.05,94514.00,583.05,75.55,-3.61,23.7
15.86,7,main,-0.06,94519.00,582.61,75.11,-3.61,23.7
15.96,7,main,-0.07,94527.00,581.90,74.40,-3.62,23.7
16.06,7,main,-0.07,94530.00,581.64,74.14,-3.63,23.7
16.16,7,main,-0.07,94533.00,581.38,73.87,-3.64,23.7
16.26,7,main,-0.06,94536.00,581.11,73.61,-3.65,23.7
16.36,7,main,-0.05,94546.00,580.23,72.73,-3.65,23.7
16.46,7,main,-0.04,94550.00,579.88,72.38,-3.66,23.7
16.56,7,main,-0.03,94553.00,579.62,72.11,-3.66,23.7
16.66,7,main,-0.02,94557.00,579.26,71.76,-3.66,23.7
16.76,7,main,-0.01,94560.00,579.00,71.50,-3.67,23.7
16.86,7,main,0.01,94566.00,578.47,70.97,-3.67,23.7
16.96,7,main,0.04,94568.00,578.29,70.79,-3.67,23.7
17.06,7,main,0.06,94575.00,577.68,70.18,-3.67,23.7
17.16,7,main,0.09,94576.00,577.59,70.09,-3.66,23.7
17.26,7,main,0.11,94581.00,577.15,69.65,-3.65,23.7
17.36,7,main,0.13,94585.00,576.80,69.30,-3.63,23.7
17.46,7,main,0.14,94586.00,576.71,69.21,-3.62,23.7
17.56,7,main,0.15,94590.00,576.36,68.86,-3.61,23.7
17.66,7,main,0.15,94597.00,575.74,68.24,-3.59,23.7
17.76,7,main,0.16,94597.00,575.74,68.24,-3.58,23.7
17.86,7,main,0.16,94606.00,574.95,67.45,-3.56,23.7
17.96,7,main,0.16,94612.00,574.42,66.92,-3.55,23.7
18.06,7,main,0.16,94615.00,574.16,66.66,-3.53,23.7
18.16,7,main,0.15,94624.00,573.37,65.86,-3.51,23.7
18.26,7,main,0.14,94616.00,574.07,66.57,-3.50,23.7
18.36,7,main,0.12,94627.00,573.10,65.60,-3.48,23.7
18.46,7,main,0.10,94628.00,573.01,65.51,-3.47,23.7
18.56,7,main,0.08,94637.00,572.22,64.72,-3.46,23.7
18.66,7,main,0.05,94640.00,571.96,64.46,-3.45,23.7
18.76,7,main,0.02,94645.00,571.52,64.02,-3.44,23.7
18.86,7,main,-0.00,94650.00,571.08,63.58,-3.44,23.7
18.96,7,main,-0.03,94648.00,571.25,63.75,-3.44,23.7
19.06,7,main,-0.06,94651.00,570.99,63.49,-3.45,23.7
19.16,7,main,-0.08,94655.00,570.64,63.14,-3.45,23.7
19.26,7,main,-0.09,94658.00,570.38,62.87,-3.46,23.7
19.36,7,main,-0.10,94661.00,570.11,62.61,-3.47,23.7
19.46,7,main,-0.10,94665.00,569.76,62.26,-3.48,23.7
19.56,7,main,-0.10,94669.00,569.41,61.91,-3.49,23.7
19.66,7,main,-0.09,94675.00,568.88,61.38,-3.50,23.7
19.76,7,main,-0.08,94680.00,568.44,60.94,-3.51,23.7
19.86,7,main,-0.06,94684.00,568.09,60.59,-3.52,23.7
19.96,7,main,-0.03,94691.00,567.47,59.97,-3.53,23.7
20.06,7,main,-0.00,94691.00,567.47,59.97,-3.53,23.7
20.16,7,main,0.03,94697.00,566.95,59.44,-3.54,23.7
20.26,7,main,0.06,94701.00,566.59,59.09,-3.53,23.7
20.36,7,main,0.08,94705.00,566.24,58.74,-3.52,23.7
20.46,7,main,0.09,94712.00,565.63,58.13,-3.52,23.7
20.56,7,main,0.11,94713.00,565.54,58.04,-3.51,23.7
20.66,7,main,0.11,94715.00,565.36,57.86,-3.49,23.7
20.76,7,main,0.12,94723.00,564.66,57.16,-3.48,23.7
20.86,7,main,0.12,94731.00,563.96,56.45,-3.47,23.7
20.96,7,main,0.12,94729.00,564.13,56.63,-3.46,23.7
21.06,7,main,0.11,94732.00,563.87,56.37,-3.44,23.7
21.16,7,main,0.10,94732.00,563.87,56.37,-3.43,23.7
21.26,7,main,0.08,94745.00,562.73,55.22,-3.42,23.7
21.36,7,main,0.06,94741.00,563.08,55.58,-3.41,23.7
21.46,7,main,0.04,94746.00,562.64,55.14,-3.41,23.7
21.56,7,main,0.03,94754.00,561.93,54.43,-3.40,23.7
21.66,7,main,0.02,94751.00,562.20,54.70,-3.40,23.7
21.76,7,main,0.02,94759.00,561.50,53.99,-3.40,23.7
21.86,7,main,0.02,94764.00,561.06,53.55,-3.40,23.7
21.96,7,main,0.03,94768.00,560.70,53.20,-3.40,23.7
22.06,7,main,0.04,94769.00,560.62,53.12,-3.40,23.7
22.16,7,main,0.05,94775.00,560.09,52.59,-3.39,23.7
22.26,7,main,0.07,94781.00,559.56,52.06,-3.39,23.7
22.36,7,main,0.08,94783.00,559.39,51.88,-3.38,23.7
22.46,7,main,0.08,94788.00,558.95,51.45,-3.37,23.7
22.56,7,main,0.09,94789.00,558.86,51.36,-3.36,23.7
22.66,7,main,0.09,94797.00,558.16,50.65,-3.35,23.7
22.76,7,main,0.10,94799.00,557.98,50.48,-3.34,23.7
22.86,7,main,0.10,94803.00,557.63,50.13,-3.34,23.7
22.96,7,main,0.09,94807.00,557.28,49.78,-3.32,23.7
23.06,7,main,0.08,94811.00,556.93,49.42,-3.31,23.7
23.16,7,main,0.07,94812.00,556.84,49.34,-3.30,23.7
23.26,7,main,0.05,94815.00,556.58,49.07,-3.30,23.7
23.36,7,main,0.02,94820.00,556.14,48.63,-3.29,23.7
23.46,7,main,-0.00,94826.00,555.61,48.11,-3.29,23.7
23.56,7,main,-0.03,94828.00,555.43,47.93,-3.29,23.7
23.66,7,main,-0.05,94831.00,555.17,47.67,-3.29,23.7
23.76,7,main,-0.07,94838.00,554.55,47.05,-3.30,23.7
23.86,7,main,-0.09,94840.00,554.38,46.88,-3.31,23.7
23.96,7,main,-0.10,94847.00,553.76,46.26,-3.32,23.7
24.06,7,main,-0.10,94839.00,554.47,46.97,-3.33,23.7
24.16,7,main,-0.10,94850.00,553.50,46.00,-3.34,23.7
24.26,7,main,-0.09,94855.00,553.06,45.56,-3.35,23.7
24.36,7,main,-0.08,94855.00,553.06,45.56,-3.36,23.7
24.46,7,main,-0.07,94867.00,552.01,44.51,-3.37,23.7
24.56,7,main,-0.05,94861.00,552.54,45.03,-3.38,23.7
24.66,7,main,-0.02,94871.00,551.66,44.16,-3.38,23.7
24.76,7,main,-0.00,94875.00,551.31,43.80,-3.38,23.7
24.86,7,main,0.02,94880.00,550.87,43.37,-3.38,23.7
24.96,7,main,0.04,94878.00,551.04,43.54,-3.38,23.7
25.06,7,main,0.07,94884.00,550.52,43.01,-3.38,23.7
25.16,7,main,0.08,94889.00,550.08,42.58,-3.37,23.7
25.26,7,main,0.10,94892.00,549.81,42.31,-3.36,23.7
25.36,7,main,0.11,94899.00,549.20,41.70,-3.35,23.7
25.46,7,main,0.11,94901.00,549.02,41.52,-3.34,23.7
25.56,7,main,0.12,94908.00,548.41,40.91,-3.32,23.7
25.66,7,main,0.11,94908.00,548.41,40.91,-3.31,23.7
25.76,7,main,0.11,94915.00,547.79,40.29,-3.30,23.7
25.86,7,main,0.10,94921.00,547.27,39.77,-3.29,23.7
25.96,7,main,0.08,94918.00,547.53,40.03,-3.28,23.7
26.06,7,main,0.06,94921.00,547.27,39.77,-3.27,23.7
26.16,7,main,0.04,94927.00,546.74,39.24,-3.26,23.7
26.26,7,main,0.02,94931.00,546.39,38.89,-3.26,23.7
26.36,7,main,0.00,94934.00,546.13,38.63,-3.26,23.7
26.46,7,main,-0.01,94938.00,545.78,38.27,-3.26,23.7
26.56,7,main,-0.02,94942.00,545.43,37.92,-3.26,23.7
26.66,7,main,-0.03,94942.00,545.43,37.92,-3.26,23.7
26.76,7,main,-0.03,94948.00,544.90,37.40,-3.27,23.7
26.86,7,main,-0.03,94954.00,544.37,36.87,-3.27,23.7
26.96,7,main,-0.03,94958.00,544.02,36.52,-3.27,23.7
27.06,7,main,-0.02,94959.00,543.93,36.43,-3.28,23.7
27.16,7,main,-0.00,94963.00,543.58,36.08,-3.28,23.7
27.26,7,main,0.02,94973.00,542.71,35.20,-3.28,23.7
27.36,7,main,0.04,94969.00,543.06,35.56,-3.28,23.7
27.46,7,main,0.07,94971.00,542.88,35.38,-3.28,23.7
27.56,7,main,0.09,94979.00,542.18,34.68,-3.27,23.7
27.66,7,main,0.12,94988.00,541.39,33.89,-3.26,23.7
27.76,7,main,0.14,94986.00,541.57,34.06,-3.25,23.7
27.86,7,main,0.15,94990.00,541.21,33.71,-3.23,23.7
27.96,7,main,0.16,94993.00,540.95,33.45,-3.21,23.7
28.06,7,main,0.16,94997.00,540.60,33.10,-3.20,23.7
28.16,7,main,0.15,95008.00,539.64,32.13,-3.18,23.7
28.26,7,main,0.13,95003.00,540.07,32.57,-3.17,23.7
28.36,7,main,0.11,95014.00,539.11,31.61,-3.15,23.7
28.46,7,main,0.09,95009.00,539.55,32.05,-3.14,23.7
28.56,7,main,0.06,95018.00,538.76,31.26,-3.13,23.7
28.66,7,main,0.03,95020.00,538.58,31.08,-3.12,23.7
28.76,7,main,0.00,95021.00,538.50,30.99,-3.12,23.7
28.86,7,main,-0.03,95028.00,537.88,30.38,-3.12,23.7
28.96,7,main,-0.05,95032.00,537.53,30.03,-3.12,23.7
29.06,7,main,-0.08,95032.00,537.53,30.03,-3.13,23.7
29.16,7,main,-0.10,95039.00,536.92,29.42,-3.14,23.7
29.26,7,main,-0.12,95038.00,537.01,29.50,-3.15,23.7
29.36,7,main,-0.13,95045.00,536.39,28.89,-3.16,23.7
29.46,7,main,-0.14,95042.00,536.65,29.15,-3.17,23.7
29.56,7,main,-0.15,95048.00,536.13,28.63,-3.19,23.7
29.66,7,main,-0.15,95054.00,535.60,28.10,-3.21,23.7
29.76,7,main,-0.14,95063.00,534.81,27.31,-3.22,23.7
29.86,7,main,-0.13,95057.00,535.34,27.84,-3.23,23.7
29.96,7,main,-0.12,95063.00,534.81,27.31,-3.25,23.7
30.06,7,main,-0.10,95072.00,534.02,26.52,-3.26,23.7
30.16,7,main,-0.08,95074.00,533.85,26.35,-3.28,23.7
30.26,7,main,-0.06,95081.00,533.24,25.73,-3.28,23.7
30.36,7,main,-0.03,95083.00,533.06,25.56,-3.29,23.7
30.46,7,main,-0.00,95085.00,532.89,25.38,-3.29,23.7
30.56,7,main,0.02,95089.00,532.53,25.03,-3.29,23.7
30.66,7,main,0.04,95091.00,532.36,24.86,-3.29,23.7
30.76,7,main,0.06,95100.00,531.57,24.07,-3.28,23.7
30.86,7,main,0.07,95096.00,531.92,24.42,-3.28,23.7
30.96,7,main,0.08,95102.00,531.40,23.89,-3.27,23.7
31.06,7,main,0.09,95108.00,530.87,23.37,-3.26,23.7
31.16,7,main,0.10,95110.00,530.69,23.19,-3.25,23.7
31.26,7,main,0.11,95115.00,530.26,22.76,-3.24,23.7
31.36,7,main,0.11,95118.00,529.99,22.49,-3.23,23.7
31.46,7,main,0.11,95123.00,529.56,22.05,-3.22,23.7
31.56,7,main,0.11,95125.00,529.38,21.88,-3.21,23.7
31.66,7,main,0.11,95131.00,528.85,21.35,-3.19,23.7
31.76,7,main,0.11,95135.00,528.50,21.00,-3.19,23.7
31.86,7,main,0.11,95137.00,528.33,20.83,-3.17,23.7
31.96,7,main,0.11,95145.00,527.63,20.13,-3.16,23.7
32.06,7,main,0.11,95143.00,527.80,20.30,-3.15,23.7
32.16,7,main,0.11,95149.00,527.28,19.78,-3.14,23.7
32.26,7,main,0.11,95151.00,527.10,19.60,-3.13,23.7
32.36,7,main,0.11,95154.00,526.84,19.34,-3.12,23.7
32.46,7,main,0.11,95162.00,526.14,18.64,-3.10,23.7
32.56,7,main,0.12,95156.00,526.66,19.16,-3.09,23.7
32.66,7,main,0.12,95162.00,526.14,18.64,-3.08,23.7
32.76,7,main,0.12,95166.00,525.79,18.29,-3.07,23.7
32.86,7,main,0.13,95176.00,524.91,17.41,-3.06,23.7
32.96,7,main,0.12,95179.00,524.65,17.15,-3.04,23.7
33.06,7,main,0.12,95184.00,524.21,16.71,-3.03,23.7
33.16,7,main,0.11,95180.00,524.56,17.06,-3.02,23.7
33.26,7,main,0.11,95189.00,523.77,16.27,-3.01,23.7
33.36,7,main,0.10,95191.00,523.60,16.10,-3.00,23.7
33.46,7,main,0.10,95192.00,523.51,16.01,-2.99,23.7
33.56,7,main,0.10,95196.00,523.16,15.66,-2.98,23.7
33.66,7,main,0.09,95199.00,522.90,15.40,-2.97,23.7
33.76,7,main,0.09,95205.00,522.37,14.87,-2.96,23.7
33.86,7,main,0.08,95209.00,522.02,14.52,-2.95,23.7
33.96,7,main,0.07,95206.00,522.29,14.79,-2.94,23.7
34.06,7,main,0.06,95212.00,521.76,14.26,-2.93,23.7
34.16,7,main,0.05,95223.00,520.80,13.30,-2.93,23.7
34.26,7,main,0.03,95218.00,521.24,13.73,-2.92,23.7
34.36,7,main,0.02,95224.00,520.71,13.21,-2.92,23.7
34.46,7,main,-0.01,95225.00,520.62,13.12,-2.92,23.7
34.56,7,main,-0.03,95233.00,519.92,12.42,-2.92,23.7
34.66,7,main,-0.06,95239.00,519.40,11.90,-2.92,23.7
34.76,7,main,-0.08,95235.00,519.75,12.25,-2.92,23.7
34.86,7,main,-0.10,95233.00,519.92,12.42,-2.93,23.7
34.96,7,main,-0.11,95242.00,519.14,11.63,-2.94,23.7
35.06,7,main,-0.11,95248.00,518.61,11.11,-2.96,23.7
35.16,7,main,-0.11,95247.00,518.70,11.20,-2.97,23.7
35.26,7,main,-0.11,95255.00,518.00,10.50,-2.98,23.7
35.36,7,main,-0.11,95259.00,517.65,10.15,-2.99,23.7
35.46,7,main,-0.12,95265.00,517.12,9.62,-3.00,23.7
35.56,7,main,-0.12,95258.00,517.74,10.23,-3.01,23.7
35.66,7,main,-0.12,95272.00,516.51,9.01,-3.02,23.7
35.76,7,main,-0.12,95266.00,517.03,9.53,-3.04,23.7
35.86,7,main,-0.13,95273.00,516.42,8.92,-3.05,23.7
35.96,7,main,-0.13,95276.00,516.16,8.66,-3.06,23.7
36.06,7,main,-0.13,95280.00,515.81,8.31,-3.07,23.7
36.16,7,main,-0.13,95290.00,514.94,7.43,-3.09,23.7
36.26,7,main,-0.13,95283.00,515.55,8.05,-3.10,23.7
36.36,7,main,-0.13,95288.00,515.11,7.61,-3.12,23.7
36.46,7,main,-0.12,95297.00,514.32,6.82,-3.13,23.7
36.56,7,main,-0.11,95301.00,513.97,6.47,-3.14,23.7
36.66,7,main,-0.09,95303.00,513.80,6.30,-3.16,23.7
36.76,7,main,-0.07,95309.00,513.27,5.77,-3.17,23.7
36.86,7,main,-0.05,95310.00,513.19,5.68,-3.17,23.7
36.96,7,main,-0.02,95314.00,512.84,5.33,-3.18,23.7
37.06,7,main,0.01,95319.00,512.40,4.90,-3.18,23.7
37.16,7,main,0.04,95319.00,512.40,4.90,-3.18,23.7
37.26,7,main,0.09,95319.00,512.40,4.90,-3.18,23.7
37.36,7,main,0.14,95325.00,511.87,4.37,-3.17,23.7
37.46,7,main,0.19,95333.00,511.17,3.67,-3.16,23.7
37.56,7,main,0.24,95331.00,511.35,3.85,-3.14,23.7
37.66,7,main,0.29,95340.00,510.56,3.06,-3.12,23.7
37.76,7,main,0.34,95343.00,510.30,2.80,-3.09,23.7
37.86,7,main,0.39,95346.00,510.04,2.54,-3.05,23.7
37.96,7,main,0.45,95350.00,509.69,2.19,-3.01,23.7
38.06,7,main,0.50,95359.00,508.90,1.40,-2.97,23.7
38.16,7,main,0.56,95358.00,508.99,1.49,-2.92,23.7
38.26,7,main,0.62,95365.00,508.38,0.87,-2.86,23.7
38.36,7,main,0.67,95365.00,508.38,0.87,-2.80,23.7
38.46,7,main,0.73,95370.00,507.94,0.44,-2.73,23.7
38.56,7,main,0.79,95374.00,507.59,0.09,-2.66,23.7
38.66,7,main,0.85,95374.00,507.59,0.09,-2.58,23.7
38.76,7,main,0.91,95376.00,507.41,-0.09,-2.50,23.7
38.86,7,main,0.98,95379.00,507.15,-0.35,-2.41,23.7
38.96,7,main,1.03,95382.00,506.89,-0.61,-2.31,23.7
39.06,7,main,1.09,95385.00,506.63,-0.87,-2.20,23.7
39.16,7,main,1.13,95388.00,506.37,-1.14,-2.09,23.7
39.26,7,main,1.17,95386.00,506.54,-0.96,-1.98,23.7
39.36,7,main,1.20,95395.00,505.75,-1.75,-1.86,23.7
39.46,7,main,1.22,95397.00,505.58,-1.92,-1.74,23.7
39.56,7,main,1.24,95396.00,505.67,-1.84,-1.62,23.7
39.66,7,main,1.25,95404.00,504.97,-2.53,-1.49,23.7
39.76,7,main,1.24,95406.00,504.79,-2.71,-1.36,23.7
39.86,7,main,1.23,95406.00,504.79,-2.71,-1.24,23.7
39.96,7,main,1.20,95404.00,504.97,-2.53,-1.11,23.7
40.06,7,main,1.16,95411.00,504.35,-3.15,-0.99,23.7
40.16,7,main,1.10,95409.00,504.53,-2.97,-0.87,23.7
40.26,7,main,1.03,95411.00,504.35,-3.15,-0.76,23.7
40.36,7,main,0.95,95411.00,504.35,-3.15,-0.65,23.7
40.46,7,main,0.86,95408.00,504.62,-2.88,-0.56,23.7
40.56,7,main,0.77,95407.00,504.70,-2.80,-0.47,23.7
40.66,7,main,0.68,95408.00,504.62,-2.88,-0.40,23.7
40.76,7,main,0.58,95410.00,504.44,-3.06,-0.33,23.7
40.86,7,main,0.49,95413.00,504.18,-3.32,-0.27,23.7
40.96,7,main,0.39,95408.00,504.62,-2.88,-0.22,23.7
41.06,7,main,0.31,95407.00,504.70,-2.80,-0.18,23.7
41.16,7,main,0.23,95407.00,504.70,-2.80,-0.15,23.7
41.26,7,main,0.16,95407.00,504.70,-2.80,-0.13,23.7
41.36,7,main,0.10,95410.00,504.44,-3.06,-0.12,23.7
41.46,7,main,0.06,95414.00,504.09,-3.41,-0.11,23.7
41.56,7,main,0.03,95409.00,504.53,-2.97,-0.11,23.7
41.66,7,main,0.01,95407.00,504.70,-2.80,-0.10,23.7
41.76,7,main,-0.00,95411.00,504.35,-3.15,-0.11,23.7
41.86,7,main,-0.01,95406.00,504.79,-2.71,-0.11,23.7
41.96,7,main,-0.00,95412.00,504.27,-3.23,-0.11,23.7
42.06,7,main,0.01,95409.00,504.53,-2.97,-0.11,23.7
42.16,7,main,0.03,95407.00,504.70,-2.80,-0.11,23.7
42.26,7,main,0.04,95413.00,504.18,-3.32,-0.11,23.7
42.36,7,main,0.05,95410.00,504.44,-3.06,-0.10,23.7
42.46,7,main,0.05,95414.00,504.09,-3.41,-0.09,23.7
42.56,7,main,0.05,95414.00,504.09,-3.41,-0.09,23.7
42.66,7,main,0.05,95415.00,504.01,-3.50,-0.08,23.7
42.76,7,main,0.06,95409.00,504.53,-2.97,-0.08,23.7
42.86,7,main,0.06,95407.00,504.70,-2.80,-0.08,23.7
42.96,7,main,0.06,95414.00,504.09,-3.41,-0.07,23.7
43.06,7,main,0.05,95410.00,504.44,-3.06,-0.06,23.7
43.16,7,main,0.04,95410.00,504.44,-3.06,-0.05,23.7
43.26,7,main,0.03,95411.00,504.35,-3.15,-0.05,23.7
43.36,7,main,0.02,95412.00,504.27,-3.23,-0.05,23.7
43.46,7,main,0.02,95414.00,504.09,-3.41,-0.05,23.7
43.56,7,main,0.02,95413.00,504.18,-3.32,-0.05,23.7
43.66,7,main,0.02,95406.00,504.79,-2.71,-0.04,23.7
43.76,7,main,0.02,95415.00,504.01,-3.50,-0.04,23.7
43.86,7,main,0.02,95411.00,504.35,-3.15,-0.04,23.7
43.96,7,main,0.02,95414.00,504.09,-3.41,-0.04,23.7
44.06,7,main,0.03,95411.00,504.35,-3.15,-0.04,23.7
44.16,7,main,0.04,95414.00,504.09,-3.41,-0.04,23.7
44.26,7,main,0.05,95407.00,504.70,-2.80,-0.03,23.7
44.36,7,main,0.06,95406.00,504.79,-2.71,-0.03,23.7
44.46,7,main,0.08,95415.00,504.01,-3.50,-0.02,23.7
44.56,7,main,0.10,95415.00,504.01,-3.50,-0.02,23.7
44.66,7,main,0.12,95416.00,503.92,-3.58,-0.01,23.7
44.76,7,main,0.14,95414.00,504.09,-3.41,0.01,23.7
44.86,7,main,0.15,95410.00,504.44,-3.06,0.02,23.7
44.96,7,main,0.17,95411.00,504.35,-3.15,0.03,23.7
45.06,7,main,0.18,95412.00,504.27,-3.23,0.05,23.7
45.16,7,main,0.19,95409.00,504.53,-2.97,0.07,23.7
45.26,7,main,0.19,95416.00,503.92,-3.58,0.09,23.7
45.36,7,main,0.20,95417.00,503.83,-3.67,0.11,23.7
45.46,7,main,0.20,95410.00,504.44,-3.06,0.13,23.7
45.56,7,main,0.20,95414.00,504.09,-3.41,0.15,23.7
45.66,7,main,0.19,95407.00,504.70,-2.80,0.17,23.7
45.76,7,main,0.18,95413.00,504.18,-3.32,0.19,23.7
45.86,7,main,0.17,95411.00,504.35,-3.15,0.21,23.7
45.96,7,main,0.15,95412.00,504.27,-3.23,0.23,23.7
46.06,7,main,0.13,95407.00,504.70,-2.80,0.24,23.7
46.16,7,main,0.11,95416.00,503.92,-3.58,0.25,23.7
46.26,7,main,0.08,95411.00,504.35,-3.15,0.27,23.7
46.36,7,main,0.05,95410.00,504.44,-3.06,0.28,23.7
46.46,7,main,0.02,95406.00,504.79,-2.71,0.28,23.7
46.56,7,main,-0.01,95411.00,504.35,-3.15,0.28,23.7
46.66,7,main,-0.04,95413.00,504.18,-3.32,0.28,23.7
46.76,7,main,-0.07,95406.00,504.79,-2.71,0.28,23.7
46.86,7,main,-0.10,95409.00,504.53,-2.97,0.27,23.7
46.96,7,main,-0.13,95406.00,504.79,-2.71,0.26,23.7
47.06,7,main,-0.16,95403.00,505.05,-2.45,0.25,23.7
47.16,7,main,-0.18,95404.00,504.97,-2.53,0.23,23.7
47.26,7,main,-0.20,95404.00,504.97,-2.53,0.21,23.7
47.36,7,main,-0.22,95413.00,504.18,-3.32,0.19,23.7
47.46,7,main,-0.23,95407.00,504.70,-2.80,0.17,23.7
47.56,7,main,-0.24,95401.00,505.23,-2.27,0.15,23.7
47.66,7,main,-0.25,95404.00,504.97,-2.53,0.12,23.7
47.76,7,main,-0.26,95405.00,504.88,-2.62,0.10,23.7
47.86,7,main,-0.26,95406.00,504.79,-2.71,0.07,23.7
47.96,7,main,-0.26,95405.00,504.88,-2.62,0.04,23.7
48.06,7,main,-0.25,95405.00,504.88,-2.62,0.02,23.7
48.16,7,main,-0.23,95406.00,504.79,-2.71,-0.01,23.7
48.26,7,main,-0.21,95407.00,504.70,-2.80,-0.03,23.7
48.36,7,main,-0.19,95403.00,505.05,-2.45,-0.05,23.7
48.46,7,main,-0.16,95399.00,505.40,-2.10,-0.07,23.7
48.56,7,main,-0.14,95406.00,504.79,-2.71,-0.09,23.7
48.66,7,main,-0.12,95407.00,504.70,-2.80,-0.10,23.7
48.76,7,main,-0.09,95402.00,505.14,-2.36,-0.11,23.7
48.86,7,main,-0.07,95409.00,504.53,-2.97,-0.12,23.7
48.96,7,main,-0.05,95408.00,504.62,-2.88,-0.13,23.7
49.06,7,main,-0.03,95409.00,504.53,-2.97,-0.13,23.7
49.16,7,main,-0.01,95408.00,504.62,-2.88,-0.14,23.7
49.26,7,main,0.01,95401.00,505.23,-2.27,-0.14,23.7
49.36,7,main,0.04,95402.00,505.14,-2.36,-0.14,23.7
49.46,7,main,0.06,95408.00,504.62,-2.88,-0.13,23.7
49.56,7,main,0.08,95410.00,504.44,-3.06,-0.13,23.7
49.66,7,main,0.10,95411.00,504.35,-3.15,-0.12,23.7
49.76,7,main,0.11,95407.00,504.70,-2.80,-0.11,23.7
49.86,7,main,0.11,95408.00,504.62,-2.88,-0.10,23.7
49.96,7,main,0.11,95410.00,504.44,-3.06,-0.08,23.7
50.06,7,main,0.11,95405.00,504.88,-2.62,-0.07,23.7
50.16,7,main,0.12,95415.00,504.01,-3.50,-0.06,23.7
50.26,7,main,0.12,95404.00,504.97,-2.53,-0.05,23.7
50.36,7,main,0.12,95406.00,504.79,-2.71,-0.04,23.7
50.46,7,main,0.11,95408.00,504.62,-2.88,-0.02,23.7
50.56,7,main,0.11,95410.00,504.44,-3.06,-0.02,23.7
50.66,7,main,0.10,95403.00,505.05,-2.45,-0.01,23.7
50.76,7,main,0.10,95410.00,504.44,-3.06,0.01,23.7
50.86,7,main,0.09,95407.00,504.70,-2.80,0.02,23.7
50.96,7,main,0.09,95415.00,504.01,-3.50,0.02,23.7
51.06,7,main,0.10,95407.00,504.70,-2.80,0.03,23.7
51.16,7,main,0.10,95410.00,504.44,-3.06,0.04,23.7
51.26,7,main,0.10,95408.00,504.62,-2.88,0.05,23.7
51.36,7,main,0.10,95405.00,504.88,-2.62,0.07,23.7
51.46,7,main,0.10,95410.00,504.44,-3.06,0.07,23.7
51.56,7,main,0.11,95408.00,504.62,-2.88,0.08,23.7
51.66,7,main,0.12,95407.00,504.70,-2.80,0.09,23.7
51.76,7,main,0.13,95401.00,505.23,-2.27,0.10,23.7
51.86,7,main,0.15,95409.00,504.53,-2.97,0.12,23.7
51.96,7,main,0.15,95404.00,504.97,-2.53,0.13,23.7
52.06,7,main,0.16,95415.00,504.01,-3.50,0.15,23.7
52.16,7,main,0.15,95409.00,504.53,-2.97,0.16,23.7
52.26,7,main,0.14,95409.00,504.53,-2.97,0.18,23.7
52.36,7,main,0.12,95406.00,504.79,-2.71,0.20,23.7
52.46,7,main,0.09,95405.00,504.88,-2.62,0.21,23.7
52.56,7,main,0.06,95409.00,504.53,-2.97,0.22,23.7
52.66,7,main,0.03,95404.00,504.97,-2.53,0.23,23.7
52.76,7,main,-0.01,95403.00,505.05,-2.45,0.23,23.7
52.86,7,main,-0.04,95407.00,504.70,-2.80,0.23,23.7
52.96,7,main,-0.07,95406.00,504.79,-2.71,0.22,23.7
53.06,7,main,-0.09,95407.00,504.70,-2.80,0.22,23.7
53.16,7,main,-0.11,95406.00,504.79,-2.71,0.21,23.7
53.26,7,main,-0.11,95403.00,505.05,-2.45,0.20,23.7
53.36,7,main,-0.10,95402.00,505.14,-2.36,0.19,23.7
53.46,7,main,-0.07,95405.00,504.88,-2.62,0.17,23.7
53.56,7,main,-0.07,95403.00,505.05,-2.45,0.16,23.7
53.66,7,main,-0.07,95402.00,505.14,-2.36,0.16,23.7
53.69,8,landed,-0.07,95402.00,505.14,-2.36,0.16,23.7
